entity_id,period,cash,accounts_receivable,inventory,other_current_assets,total_current_assets,fixed_assets_gross,accumulated_depreciation,fixed_assets_net,total_assets,accounts_payable,debt,other_liabilities,income_tax_payable,total_liabilities,common_stock,retained_earnings,total_equity,difference,status,economically_implausible
ENT_EU,2023-01,900577.1350576,1740233.2725444,726815.4013744,261846.96,3629472.7689764,4554325.28,749021.62,3805303.66,7434776.4289764,1289915.4013584,1806036.54,503162.66000000003,20924.22228540001,3620038.8236438003,1756064.32,2058673.2853326001,3814737.6053326,0.0,PASS,False
ENT_EU,2023-02,899518.7175353,2012184.9183759,724856.3513744,261846.96,3898406.9472856,4554325.28,749021.62,3805303.66,7703710.6072856,1417127.5948414,1806036.54,503162.66000000003,63440.81773326,3789767.61257466,1756064.32,2157878.67471094,3913942.99471094,0.0,PASS,False
ENT_EU,2023-03,1011967.5160065,2086131.9238951001,761378.5513744,261846.96,4121324.951276,4554325.28,885651.38,3668673.9000000004,7789998.851276001,1425523.7727654001,1806036.54,503162.66000000003,86808.43755318,3821531.41031858,1756064.32,2212403.12095742,3968467.4409574205,0.0,PASS,False
ENT_EU,2023-04,1104415.5274576,2182289.029538,746322.5471794,261846.96,4294874.064175,4554325.28,955475.99,3598849.29,7893723.354175,1441553.2629357,1806036.54,503162.66000000003,113116.94137179002,3863869.40430749,1756064.32,2273789.62986751,4029853.9498675102,0.0,PASS,False
ENT_EU,2023-05,1347283.0782446999,2203947.2751438003,712027.0671794,261846.96,4525104.3805679,4554325.28,955475.99,3598849.29,8123953.6705679,1456220.2633086,1806036.54,503162.66000000003,177785.93617779002,3943205.3994863904,1756064.32,2424683.95108151,4180748.27108151,0.0,PASS,False
ENT_EU,2023-06,1663465.077816,1993106.1319892001,685988.3771794001,261846.96,4604406.5469846,4554325.28,1025300.6,3529024.68,8133431.2269846,1365370.8874241,1806036.54,503162.66000000003,207884.01586815002,3882454.1032922505,1756064.32,2494912.80369235,4250977.12369235,-1.862645149230957e-09,PASS,False
ENT_EU,2023-07,1834045.7933616,2029600.8127668002,672372.9587206,261846.96,4797866.524849,4554325.28,1096397.59,3457927.6900000004,8255794.214849001,1415323.5290291,1806036.54,503162.66000000003,229607.11974597003,3954129.8487750706,1756064.32,2545600.0460739303,4301664.366073931,0.0,PASS,False
ENT_EU,2023-08,1884216.6335561,1974597.0700173,646574.8487206,261846.96,4767235.512294,4554325.28,1167494.58,3386830.7,8154066.212294,1169510.4615251,1806036.54,503162.66000000003,272832.63923067006,3751542.3007557704,1756064.32,2646459.59153823,4402523.91153823,-9.313225746154785e-10,PASS,False
ENT_EU,2023-09,2294443.576627,1959587.7828783002,651452.3366024,261846.96,5167330.6561076995,4554325.28,1238591.57,3315733.71,8483064.366107699,1372824.4001024,1806036.54,503162.66000000003,310537.90380159003,3992561.5039039906,1756064.32,2734438.5422037104,4490502.862203711,-3.725290298461914e-09,PASS,False
ENT_EU,2023-10,2261424.2486835998,1972536.4673482,636960.3561514,261846.96,5132768.0321832,4671798.33,1311450.65,3360347.68,8493115.7121832,1332245.969995,1806036.54,503162.66000000003,325726.83665646,3967172.00665146,1756064.32,2769879.3855317403,4525943.705531741,0.0,PASS,False
ENT_EU,2023-11,2469550.6705726,2048693.6815302002,571302.7016494,261846.96,5351394.013752201,4671798.33,1384309.73,3287488.6,8638882.613752201,1364681.664942,1806036.54,503162.66000000003,359726.19864306005,4033607.06358506,1756064.32,2849211.2301671403,4605275.550167141,0.0,PASS,False
ENT_EU,2023-12,2644400.9139972,2083296.2883174,522818.34164940007,261846.96,5512362.503964,4671798.33,1457168.81,3214629.52,8726992.023964,1393033.2011934,1806036.54,503162.66000000003,377653.56083118,4079885.9620245798,1756064.32,2891041.7419394203,4647106.06193942,1.862645149230957e-09,PASS,False
ENT_EU,2024-01,2830886.8059756,1892005.6267146,511856.07164940005,261846.96,5496595.4643396,4801534.180000001,1531973.93,3269560.250000001,8766155.7143396,1426230.9404542,1806036.54,503162.66000000003,379443.34616562,4114873.48661982,1756064.32,2895217.90771978,4651282.22771978,1.862645149230957e-09,PASS,False
ENT_EU,2024-02,3037094.1455465998,1869694.6979556002,525624.9247989,261846.96,5694260.7283011,4801534.180000001,1606779.05,3194755.130000001,8889015.858301101,1460335.4425657,1806036.54,503162.66000000003,406070.03872062004,4175604.68128632,1756064.32,2957346.8570147804,4713411.17701478,1.862645149230957e-09,PASS,False
ENT_EU,2024-03,3405770.6505263997,1796157.4094634,538525.5019507001,261846.96,6002300.5219405,4801534.180000001,1681584.17,3119950.0100000007,9122250.531940501,1579953.9998733,1806036.54,503162.66000000003,440154.87362016004,4329308.07349346,1756064.32,3036878.13844704,4792942.45844704,0.0,PASS,False
ENT_EU,2024-04,3225047.5940147997,1884189.3819682002,550775.3367268001,261846.96,5921859.272709799,4953782.7,1758673.02,3195109.68,9116968.9527098,1499437.0320254,1806036.54,503162.66000000003,462725.49020532006,4271361.72223072,1756064.32,3089542.9104790804,4845607.23047908,-1.862645149230957e-09,PASS,False
ENT_EU,2024-05,3432067.1940633,1794453.4551606001,561964.0492401001,261846.96,6050331.658464,4953782.7,1835761.87,3118020.83,9168352.488464,1468040.6676544999,1806036.54,503162.66000000003,487559.46024285007,4264799.32789735,1756064.32,3147488.84056665,4903553.16056665,-1.862645149230957e-09,PASS,False
ENT_EU,2024-06,3769776.2358716996,1897931.1335962,555803.8392401001,261846.96,6485358.168707999,4953782.7,1912850.72,3040931.9800000004,9526290.148708,1726100.9408508,1806036.54,503162.66000000003,517522.67635716003,4552822.81720796,1756064.32,3217403.01150004,4973467.33150004,0.0,PASS,False
ENT_EU,2024-07,3768992.0489236,1873159.1357212001,513124.7091857001,261846.96,6417122.8538305,5108680.5600000005,1992263.04,3116417.5200000005,9533540.373830501,1657930.546963,1806036.54,503162.66000000003,540148.86206025,4507278.60902325,1756064.32,3270197.44480725,5026261.76480725,0.0,PASS,False
ENT_EU,2024-08,3904832.0110760997,1766741.0573424,494385.7091857001,261846.96,6427805.7376042,5108680.5600000005,2071675.36,3037005.2,9464810.9376042,1561237.9059174,1806036.54,503162.66000000003,548537.82350604,4418974.92942344,1756064.32,3289771.6881807605,5045836.008180761,0.0,PASS,False
ENT_EU,2024-09,4156431.9960181997,1900076.0400140001,480235.19311280013,261846.96,6798590.189145,5108680.5600000005,2151087.68,2957592.8800000004,9756183.069145,1775573.7042303,1806036.54,503162.66000000003,571648.72347441,4656421.627704711,1756064.32,3343697.1214402905,5099761.441440291,-1.862645149230957e-09,PASS,False
ENT_EU,2024-10,4042525.5728971,1963774.8751597002,482470.57311280014,261846.96,6750617.9811696,5282844.61,2233112.46,3049732.1500000004,9800350.1311696,1725853.2583017,1806036.54,503162.66000000003,599814.97586037,4634867.43416207,1756064.32,3409418.37700753,5165482.69700753,0.0,PASS,False
ENT_EU,2024-11,4171353.7192687,2003578.3851307002,488257.24683840014,261846.96,6925036.3112378,5282844.61,2315137.24,2967707.37,9892743.6812378,1750470.8072763,1806036.54,503162.66000000003,620147.77618845,4679817.78346475,1756064.32,3456861.5777730504,5212925.897773051,-1.862645149230957e-09,PASS,False
ENT_EU,2024-12,4564867.0818858,2012998.3344309002,516250.5962640001,261846.96,7355962.9725807,5282844.61,2397162.02,2885682.5900000003,10241645.562580701,1976786.3909646,1806036.54,503162.66000000003,656923.66548483,4942909.25644943,1756064.32,3542671.9861312704,5298736.306131271,0.0,PASS,False
ENT_EU,2025-01,4593822.9912005,1807268.9081089,398147.7762640001,261846.96,7061086.6355734,5446104.21,2481635.69,2964468.52,10025555.1555734,1747625.2077602,1806036.54,503162.66000000003,660844.89834396,4717669.30610416,1756064.32,3551821.5294692405,5307885.849469241,-1.862645149230957e-09,PASS,False
ENT_EU,2025-02,4517551.0204743,1917867.2893203,275863.10744300013,261846.96,6973128.3772376,5446104.21,2481635.69,2964468.52,9937596.8972376,1567135.7181965,1806036.54,503162.66000000003,688604.26771233,4564939.18590883,1756064.32,3616593.39132877,5372657.71132877,1.862645149230957e-09,PASS,False
ENT_EU,2025-03,4919331.3379231,1888081.5984609001,286233.9474430001,261846.96,7355493.843827,5446104.21,2650583.0300000003,2795521.1799999997,10151015.023827,1708893.9048104,1806036.54,503162.66000000003,710102.2497049801,4728195.35451538,1756064.32,3666755.34931162,5422819.66931162,-1.862645149230957e-09,PASS,False
ENT_EU,2025-04,5173724.9334817,1943456.7059057,283937.6171858001,261846.96,7662966.2165732,5554572.74,2736683.73,2817889.0100000002,10480855.2265732,1904323.0549648,1806036.54,503162.66000000003,750425.56548252,4963947.82044732,1756064.32,3760843.0861258805,5516907.406125881,0.0,PASS,False
ENT_EU,2025-05,5160775.507586299,2062510.8056681,354491.8282864001,261846.96,7839625.101540799,5554572.74,2822784.43,2731788.31,10571413.411540799,1757550.7618186,1806036.54,503162.66000000003,821624.7089166599,4888374.6707352605,1756064.32,3926974.42080554,5683038.74080554,-1.862645149230957e-09,PASS,False
ENT_EU,2025-06,5219202.6697716,2120728.7190599,269499.9482864001,261846.96,7871278.2971179,5554572.74,2908885.13,2645687.6100000003,10516965.9071179,1581436.3550618999,1806036.54,503162.66000000003,858124.7796168,4748760.3346787,1756064.32,4012141.2524392004,5768205.5724392,0.0,PASS,False
ENT_EU,2025-07,5358707.9755951995,1973638.8533514002,301595.17828640016,261846.96,7895788.967232999,5722916.7700000005,2997510.99,2725405.7800000003,10621194.747233,1631113.4768800999,1806036.54,503162.66000000003,874490.29510587,4814802.97198597,1756064.32,4050327.4552470306,5806391.775247031,0.0,PASS,False
ENT_EU,2025-08,5659290.8473569,1836114.1372849,296470.64828640013,261846.96,8053722.5929282,5722916.7700000005,3086136.85,2636779.9200000004,10690502.5129282,1655077.8086682,1806036.54,503162.66000000003,888093.325278,4852370.3339462,1756064.32,4082067.8589820005,5838132.178982001,0.0,PASS,False
ENT_EU,2025-09,5761373.4705946995,1798598.8398353,320116.98828640016,261846.96,8141936.2587164,5722916.7700000005,3174762.71,2548154.0600000005,10690090.3187164,1554395.6024126,1806036.54,503162.66000000003,918174.32889114,4781769.131303741,1756064.32,4152256.8674126603,5908321.187412661,-1.862645149230957e-09,PASS,False
ENT_EU,2025-10,5871302.768968,1857351.0648753,257182.99190400017,261846.96,8247683.7857473,5812446.41,3264731.5100000002,2547714.9,10795398.6857473,1565662.9815688,1806036.54,503162.66000000003,946386.62525355,4821248.80682235,1756064.32,4218085.558924951,5974149.878924951,-1.862645149230957e-09,PASS,False
ENT_EU,2025-11,6174769.550191,1858185.8013877,298832.1410620002,261846.96,8593634.452640701,5812446.41,3354700.31,2457746.1,11051380.5526407,1717772.4420728,1806036.54,503162.66000000003,977548.34717037,5004519.98924317,1756064.32,4290796.24339753,6046860.5633975305,0.0,PASS,False
ENT_EU,2025-12,6276510.1869035,1926106.4241877,344204.0527541002,261846.96,8808667.623845302,5812446.41,3444669.11,2367777.3000000003,11176444.923845302,1719641.3802264999,1806036.54,503162.66000000003,1014506.97708564,5043347.55731214,1756064.32,4377033.04653316,6133097.36653316,1.862645149230957e-09,PASS,False
ENT_UK,2023-01,708160.8087996,1171301.4243492,491759.79528120003,198684.34920780003,2569906.3776378,2982208.4590704003,523953.2594214,2458255.1996490005,5028161.5772868,866029.303485,1246907.2313303999,317596.0701126,29846.985508350004,2460379.59043635,1711322.9207328002,856459.0661176502,2567781.9868504503,0.0,PASS,False
ENT_UK,2023-02,753593.8190275,1446202.1312059,504593.30565790005,198684.34920780003,2903073.6050990997,2982208.4590704003,523953.2594214,2458255.1996490005,5361328.8047481,1036037.6193683001,1246907.2313303999,317596.0701126,70636.71340285001,2671177.6342141503,1711322.9207328002,978828.2498011503,2690151.1705339504,-9.313225746154785e-10,PASS,False
ENT_UK,2023-03,720905.8766253,1412136.5997545,491596.79799550003,198684.34920780003,2823323.6235831,2982208.4590704003,613874.6012286,2368333.8578418004,5191657.4814249,798128.4388491,1246907.2313303999,317596.0701126,87696.17770185001,2450327.9179939497,1711322.9207328002,1030006.6426981504,2741329.5634309505,0.0,PASS,False
ENT_UK,2023-04,805394.5066157,1410217.0671216,481349.07635880006,198684.34920780003,2895644.9993038997,3060544.0392481005,660003.0260859,2400541.0131622003,5296186.0124661,821667.6360681001,1246907.2313303999,317596.0701126,107943.51115740002,2494114.4486685,1711322.9207328002,1090748.6430648002,2802071.5637976006,-9.313225746154785e-10,PASS,False
ENT_UK,2023-05,859602.2161325,1467220.9591379,477683.02602210006,198684.34920780003,3003190.5505003,3060544.0392481005,706519.8081540001,2354024.2310941005,5357214.7815944,804487.1369202001,1246907.2313303999,317596.0701126,127495.82822645002,2496486.26658965,1711322.9207328002,1149405.5942719504,2860728.5150047503,0.0,PASS,False
ENT_UK,2023-06,1037085.4932063001,1451873.6443367,481368.6114426,198684.34920780003,3169012.0981934,3060544.0392481005,752458.7712951,2308085.2679530005,5477097.366146401,866165.0242033,1246907.2313303999,317596.0701126,142047.00254367501,2572715.3281899747,1711322.9207328002,1193059.1172236253,2904382.0379564255,0.0,PASS,False
ENT_UK,2023-07,1156951.3233273,1379552.5867213,458175.46994300006,198684.34920780003,3193363.7291993997,3166593.7184081003,799981.7973639,2366611.9210442,5559975.6502436,836469.7996221001,1246907.2313303999,317596.0701126,170190.37971327503,2571163.480778375,1711322.9207328002,1277489.2487324253,2988812.169465225,-9.313225746154785e-10,PASS,False
ENT_UK,2023-08,1336092.2463092,1269140.7607211,462474.29407790006,198684.34920780003,3266391.650316,3166593.7184081003,847384.8507087,2319208.8676994005,5585600.5180154005,800407.9211107001,1246907.2313303999,317596.0701126,185612.06628407503,2550523.288837775,1711322.9207328002,1323754.3084448255,3035077.229177626,-9.313225746154785e-10,PASS,False
ENT_UK,2023-09,1537389.7094009,1353069.3704723,364757.74669440003,198684.34920780003,3453901.1757754,3166593.7184081003,894096.1291263,2272497.5892818,5726398.765057201,872094.6879673001,1246907.2313303999,317596.0701126,202889.93633037503,2639487.925740675,1711322.9207328002,1375587.9185837253,3086910.8393165255,0.0,PASS,False
ENT_UK,2023-10,1626094.4786763,1354578.0390834,353443.92079580005,198684.34920780003,3532800.7877633004,3234246.6807876,940945.7857102001,2293300.8950774,5826101.6828407,929551.5239105001,1246907.2313303999,317596.0701126,213451.45679045003,2707506.28214395,1711322.9207328002,1407272.4799639503,3118595.4006967507,-9.313225746154785e-10,PASS,False
ENT_UK,2023-11,1803121.2630523,1375739.8681694,492606.57043280004,198684.34920780003,3870152.0508622997,3234246.6807876,988180.7881292,2246065.8926584003,6116217.943520701,1025322.0506645001,1246907.2313303999,317596.0701126,262037.89027195002,2851863.24237945,1711322.9207328002,1553031.7804084504,3264354.7011412503,0.0,PASS,False
ENT_UK,2023-12,1976593.3856607,1404908.6033734,499258.00707920006,198684.34920780003,4079444.3453210997,3234246.6807876,1035217.0901068001,2199029.5906808,6278473.9360019,1023951.8292829001,1246907.2313303999,317596.0701126,302944.44373765,2891399.5744635495,1711322.9207328002,1675751.4408055502,3387074.3615383506,-9.313225746154785e-10,PASS,False
ENT_UK,2024-01,1908477.7390947,1321642.2308421,504360.1342668001,198684.34920780003,3933164.4534114003,3361528.4304272,1083585.6434428,2277942.7869844,6211107.2403958,882825.1857273001,1246907.2313303999,317596.0701126,321384.430725025,2768712.917895325,1711322.9207328002,1731071.4017676753,3442394.3225004757,-9.313225746154785e-10,PASS,False
ENT_UK,2024-02,2125675.3082342,1300915.1664566,504193.2271453001,198684.34920780003,4129468.0510438997,3361528.4304272,1131898.3689328001,2229630.0614944,6359098.1125382995,924728.8666643001,1246907.2313303999,317596.0701126,347906.22852640005,2837138.3966337,1711322.9207328002,1810636.7951718003,3521959.7159046005,-9.313225746154785e-10,PASS,False
ENT_UK,2024-03,2110843.2997202,1301475.2286395,455799.52941560006,198684.34920780003,4066802.4069831,3361528.4304272,1180865.0159368,2180663.4144904,6247465.8214735,785873.9330986001,1246907.2313303999,317596.0701126,354711.88915162504,2705089.123693225,1711322.9207328002,1831053.7770474753,3542376.6977802757,-9.313225746154785e-10,PASS,False
ENT_UK,2024-04,2327648.9407049,1347876.6850673,502622.2315142001,198684.34920780003,4376832.2064942,3430197.8289029,1229521.398493,2200676.4304099,6577508.6369041,958259.5389114001,1246907.2313303999,317596.0701126,394126.19155607506,2916889.031910475,1711322.9207328002,1949296.6842608254,3660619.6049936255,0.0,PASS,False
ENT_UK,2024-05,2463575.0676338,1398013.2524535,506129.7839584001,198684.34920780003,4566402.4532535,3430197.8289029,1277304.1246604,2152893.7042425005,6719296.157496001,1008304.1142244001,1246907.2313303999,317596.0701126,417061.92787580006,2989869.3435432,1711322.9207328002,2018103.8932200004,3729426.813952801,0.0,PASS,False
ENT_UK,2024-06,2668571.8354557,1353994.9244894001,492240.57443960005,198684.34920780003,4713491.6835925,3430197.8289029,1324557.6166692001,2105640.2122337,6819131.8958262,1045916.6854547001,1246907.2313303999,317596.0701126,432617.7196507751,3043037.706548475,1711322.9207328002,2064771.2685449254,3776094.1892777253,0.0,PASS,False
ENT_UK,2024-07,2630386.2183044,1375710.8585825,425556.2489396001,198684.34920780003,4630337.6750342995,3495104.4725279002,1373613.2735442,2121491.1989837,6751828.8740179995,901075.9980845002,1246907.2313303999,317596.0701126,452002.13604127505,2917581.435568775,1711322.9207328002,2122924.5177164255,3834247.4384492254,-9.313225746154785e-10,PASS,False
ENT_UK,2024-08,2820485.1147787,1480611.0695824,394838.9667302001,198684.34920780003,4894619.5002991,3495104.4725279002,1422835.3813377,2072269.0911902003,6966888.5914893,975644.4396939002,1246907.2313303999,317596.0701126,487124.95500675007,3027272.6961436504,1711322.9207328002,2228292.9746128507,3939615.8953456506,-9.313225746154785e-10,PASS,False
ENT_UK,2024-09,2989574.3933521,1422253.7555829,432652.69412580004,198684.34920780003,5043165.192268601,3495104.4725279002,1472510.3799772,2022594.0925507003,7065759.284819301,984421.2464351001,1246907.2313303999,317596.0701126,509648.42665395007,3058572.97453205,1711322.9207328002,2295863.3895544503,4007186.31028725,9.313225746154785e-10,PASS,False
ENT_UK,2024-10,2940517.4655442,1282976.1787383,453622.1943905001,198684.34920780003,4875800.1878808,3621935.1639920003,1523408.5016878,2098526.6623042,6974326.850185,907575.7663982001,1246907.2313303999,317596.0701126,509648.42665395007,2981727.49449515,1711322.9207328002,2281276.4349570507,3992599.3556898506,-9.313225746154785e-10,PASS,False
ENT_UK,2024-11,3280160.8828662,1276670.9361573001,480766.6433389001,198684.34920780003,5236282.8115702,3621935.1639920003,1523408.5016878,2098526.6623042,7334809.4738744,1096954.8883616002,1246907.2313303999,317596.0701126,552424.3020854502,3213882.4918900505,1711322.9207328002,2409604.0612515504,4120926.981984351,-9.313225746154785e-10,PASS,False
ENT_UK,2024-12,3357925.3033452,1390331.2991751002,460881.8140906001,198684.34920780003,5407822.7658187,3621935.1639920003,1573892.3794072,2048042.7845848002,7455865.5504035,1110500.0870272,1246907.2313303999,317596.0701126,579302.0215513251,3254305.410021525,1711322.9207328002,2490237.219649175,4201560.140381975,0.0,PASS,False
ENT_UK,2025-01,3467164.2806764,1185825.6862299,472606.2692395001,198684.34920780003,5324280.5853536,3727393.4642133005,1573892.3794072,2153501.0848061005,7477781.6701597,1014332.7092265,1246907.2313303999,317596.0701126,608822.8959405501,3187658.90661005,1711322.9207328002,2578799.84281685,4290122.76354965,9.313225746154785e-10,PASS,False
ENT_UK,2025-02,3574969.8718304997,1282688.7567184002,521080.5019786001,198684.34920780003,5577423.4797353,3727393.4642133005,1573892.3794072,2153501.0848061005,7730924.5645414,1088451.0273369001,1246907.2313303999,317596.0701126,653579.0400083751,3306533.368788275,1711322.9207328002,2713068.2750203256,4424391.1957531255,0.0,PASS,False
ENT_UK,2025-03,3737662.6677085,1334416.4570118,462358.15221560013,198684.34920780003,5733121.6261436995,3727393.4642133005,1678544.5491428,2048848.9150705005,7781970.5412142,1102272.5764806,1246907.2313303999,317596.0701126,662885.1468906502,3329661.02481425,1711322.9207328002,2740986.595667151,4452309.516399951,-9.313225746154785e-10,PASS,False
ENT_UK,2025-04,3790663.7045396,1236685.6453851,449295.9136810001,198684.34920780003,5675329.612813501,3819508.9378305003,1732427.3098724,2087081.6279581003,7762411.240771601,1062349.1094376,1246907.2313303999,317596.0701126,667976.1885407501,3294828.5994213503,1711322.9207328002,2756259.720617451,4467582.641350251,0.0,PASS,False
ENT_UK,2025-05,3999711.5568364,1291494.9826365001,471027.4380114001,198684.34920780003,5960918.326692101,3819508.9378305003,1786412.2452836,2033096.6925469004,7994015.019239001,1146238.7476680002,1246907.2313303999,317596.0701126,704904.7236000001,3415646.7727110004,1711322.9207328002,2867045.3257952007,4578368.246528001,0.0,PASS,False
ENT_UK,2025-06,4185702.0382507998,1276604.626043,467634.4192308001,198684.34920780003,6128625.4327324,3819508.9378305003,1840901.1101924,1978607.8276381004,8107233.2603705,1104914.4179967002,1246907.2313303999,317596.0701126,743540.3663007001,3412958.0857404005,1711322.9207328002,2982952.2538973005,4694275.174630101,-9.313225746154785e-10,PASS,False
ENT_UK,2025-07,4229076.0398119,1183398.3544088001,462517.74442180013,198684.34920780003,6073676.487850301,3819508.9378305003,1897212.7846701,1922296.1531604002,7995972.641010702,950981.8173996,1246907.2313303999,317596.0701126,754208.361610025,3269693.480452625,1711322.9207328002,3014956.2398252757,4726279.160558076,9.313225746154785e-10,PASS,False
ENT_UK,2025-08,4447931.6938623,1162102.3604922001,618005.9043568001,198684.34920780003,6426724.3079191,3819508.9378305003,1952429.9146506,1867079.0231799004,8293803.331099,1065023.3141496,1246907.2313303999,317596.0701126,800155.6599446001,3429682.2755372,1711322.9207328002,3152798.1348290006,4864121.0555618005,0.0,PASS,False
ENT_UK,2025-09,4704895.4585772995,1120657.8152646,625236.8016744001,198684.34920780003,6649474.4247241,3819508.9378305003,2006158.037669,1813350.9001615003,8462825.324885601,1200663.2383090002,1246907.2313303999,317596.0701126,808501.1773514001,3573667.7171034003,1711322.9207328002,3177834.6870494005,4889157.607782201,0.0,PASS,False
ENT_UK,2025-10,4655439.2641604,1056895.5338647,611397.3165274002,198684.34920780003,6522416.463760301,3896691.6896353,2061689.6623218001,1835002.0273135,8357418.4910738,1054905.0288858002,1246907.2313303999,317596.0701126,818589.0212542501,3437997.3515830496,1711322.9207328002,3208098.2187579507,4919421.139490751,0.0,PASS,False
ENT_UK,2025-11,4800723.717166,1021383.9254780001,607770.9915294001,198684.34920780003,6628562.983381201,3896691.6896353,2118013.010821,1778678.6788142999,8407241.6621955,1017828.2285202,1246907.2313303999,317596.0701126,840314.0141260751,3422645.544089275,1711322.9207328002,3273273.1973734256,4984596.1181062255,0.0,PASS,False
ENT_UK,2025-12,4950062.0274661,1009136.0569030001,609748.8738894002,198684.34920780003,6767631.3074663,3896691.6896353,2173646.258181,1723045.4314543,8490676.7389206,1041468.757268,1246907.2313303999,317596.0701126,855262.6511204,3461234.7098314,1711322.9207328002,3318119.1083564004,5029442.0290892,0.0,PASS,False
ENT_US,2023-01,975940.8813199999,1657547.7791928,552310.630392,287893.72998,3473693.0208848,3706825.653396,712949.3862696,2993876.2671264,6467569.2880112,1113394.4959704,2058495.4309896,393551.1909936,24387.703982,3589828.8219355997,2421379.2679992,456361.1980764001,2877740.4660756,0.0,PASS,False
ENT_US,2023-02,989984.1176036999,1884964.0357650998,561777.6664875,287893.72998,3724619.5498363,3706825.653396,712949.3862696,2993876.2671264,6718495.8169627,1220371.9105346,2058495.4309896,393551.1909936,60374.98257882498,3732793.5150966253,2421379.2679992,564323.0338668751,2985702.301866075,0.0,PASS,False
ENT_US,2023-03,973655.3540708999,2006430.9524667,552740.8851570999,287893.72998,3820720.9216746995,3706825.653396,820790.6703328,2886034.9830632,6706755.904737899,1121637.400013,2058495.4309896,393551.1909936,82123.63215302498,3655807.654149225,2421379.2679992,629568.9825894751,3050948.250588675,-9.313225746154785e-10,PASS,False
ENT_US,2023-04,1125527.8857633,1924312.8085097,446888.2330141,287893.72998,3784622.6572670997,3836759.2506735004,877336.2580378,2959422.9926357004,6744045.6499028,1076016.5899185,2058495.4309896,393551.1909936,102851.270967875,3630914.4828695753,2421379.2679992,691751.8990340251,3113131.1670332253,0.0,PASS,False
ENT_US,2023-05,1307743.910704,2003296.583751,408654.6089021,287893.72998,4007588.8333370998,3836759.2506735004,934177.9612178,2902581.2894557,6910170.1227928,1149536.4053805,2058495.4309896,393551.1909936,126002.43532487501,3727585.4626885755,2421379.2679992,761205.3921050252,3182584.6601042254,-9.313225746154785e-10,PASS,False
ENT_US,2023-06,1326406.1083125998,2073076.3945395,409890.52265119995,287893.72998,4097266.7554833,3836759.2506735004,993051.3282568,2843707.9224167005,6940974.6779000005,1039462.9542231001,2058495.4309896,393551.1909936,161221.936891025,3652731.513097325,2421379.2679992,866863.8968034752,3288243.164802675,9.313225746154785e-10,PASS,False
ENT_US,2023-07,1511835.3251251997,1942204.5382557,408542.92152439995,287893.72998,4150476.5148852994,3980519.1496773004,1054452.016378,2926067.1332993004,7076543.648184599,1043446.5111547001,2058495.4309896,393551.1909936,194118.290229275,3689611.423367175,2421379.2679992,965552.9568182251,3386932.224817425,0.0,PASS,False
ENT_US,2023-08,1867704.713876,1782808.8053533,411476.1961878,287893.72998,4349883.4453970995,3980519.1496773004,1116209.9932646,2864309.1564127,7214192.6018098,1142282.7105451,2058495.4309896,393551.1909936,203821.478787975,3798150.811316275,2421379.2679992,994662.5224943252,3416041.7904935256,-9.313225746154785e-10,PASS,False
ENT_US,2023-09,2105406.0308069,1881443.8507552,405187.81594739994,287893.72998,4679931.4274895,3980519.1496773004,1177812.9081192,2802706.2415581,7482637.6690476,1302972.6202734,2058495.4309896,393551.1909936,230760.26816535,3985779.51042195,2421379.2679992,1075478.89062645,3496858.15862565,0.0,PASS,False
ENT_US,2023-10,2001704.0175838,1892632.4634445999,410087.98521739995,287893.72998,4592318.196225801,4154155.9564098003,1242775.0119862,2911380.9444236,7503699.140649401,1207167.5878779,2058495.4309896,393551.1909936,259976.894164675,3919191.104025775,2421379.2679992,1163128.7686244252,3584508.036623625,0.0,PASS,False
ENT_US,2023-11,2339988.4141678,1945232.3363066,419329.2659014,287893.72998,4992443.7463558,4154155.9564098003,1242775.0119862,2911380.9444236,7903824.6907794,1398111.6371539,2058495.4309896,393551.1909936,312272.269378175,4162430.528515275,2421379.2679992,1320014.8942649253,3741394.1622641254,-9.313225746154785e-10,PASS,False
ENT_US,2023-12,2334673.5450262,2106391.045721,270307.7332013999,287893.72998,4999266.0539286,4154155.9564098003,1309577.9836362,2844577.9727736004,7843844.0267022,1192706.8266289001,2058495.4309896,393551.1909936,348628.305990125,3993381.754602225,2421379.2679992,1429083.004100775,3850462.2720999755,-9.313225746154785e-10,PASS,False
ENT_US,2024-01,2551511.2609902,2054062.4021412,349123.62213369994,287893.72998,5242591.0152451005,4314056.8766329,1378256.4905439,2935800.386089,8178391.4013341,1337520.0072078002,2058495.4309896,393551.1909936,396061.854503375,4185628.4836943755,2421379.2679992,1571383.6496405252,3992762.9176397254,-9.313225746154785e-10,PASS,False
ENT_US,2024-02,2826644.8812642,1993885.9375437,304041.04390269995,287893.72998,5412465.5926906,4314056.8766329,1446486.5468109,2867570.329822,8280035.9225126,1286397.0157978002,2058495.4309896,393551.1909936,434253.7326505,4172697.3704315005,2421379.2679992,1685959.2840819003,4107338.5520811006,-9.313225746154785e-10,PASS,False
ENT_US,2024-03,3102760.7829620996,1894284.3799663,268072.0975609,287893.72998,5553010.9904693,4314056.8766329,1514226.3063432,2799830.5702897003,8352841.5607590005,1248378.2903008,2058495.4309896,393551.1909936,461959.82358635,4162384.73587035,2421379.2679992,1769077.5568894502,4190456.8248886503,0.0,PASS,False
ENT_US,2024-04,3280639.5345035,2093294.6483125999,258769.90282119997,287893.72998,5920597.8156173,4314056.8766329,1584882.6862825,2729174.1903504003,8649772.005967699,1329284.8919513002,2058495.4309896,393551.1909936,515965.7844759,4297297.2984104,2421379.2679992,1931095.4395581002,4352474.7075573,0.0,PASS,False
ENT_US,2024-05,3519001.0352413,2128548.8548178,302780.9610812,287893.72998,6238224.581120301,4314056.8766329,1657127.1973921,2656929.6792408,8895154.260361101,1337623.5216849002,2058495.4309896,393551.1909936,575226.69064085,4364896.83430895,2421379.2679992,2108878.15805295,4530257.42605215,0.0,PASS,False
ENT_US,2024-06,4047773.3325643996,1929162.4053334,297091.65401889995,287893.72998,6561921.1218967,4314056.8766329,1728874.923242,2585181.9533909,9147103.0752876,1516763.9293903,2058495.4309896,393551.1909936,593428.7924461251,4562239.343819625,2421379.2679992,2163484.463468775,4584863.731467975,0.0,PASS,False
ENT_US,2024-07,4226187.0662693,1990109.9032256,346652.45072819997,287893.72998,6850843.1502031,4502589.6035519,1802993.3977419,2699596.20581,9550439.3560131,1636976.4172906,2058495.4309896,393551.1909936,664209.740652425,4753232.779926225,2421379.2679992,2375827.3080876754,4797206.576086875,0.0,PASS,False
ENT_US,2024-08,4533281.7469891,1787660.1880844,321016.21020379994,287893.72998,6929851.875257301,4502589.6035519,1877460.9341471,2625128.6694048,9554980.544662101,1685499.3661766,2058495.4309896,393551.1909936,664209.740652425,4801755.728812225,2421379.2679992,2331845.547850675,4753224.815849875,1.862645149230957e-09,PASS,False
ENT_US,2024-09,4409544.4014078,1903538.9778468,236801.11317499995,287893.72998,6837778.2224096,4502589.6035519,1951654.154237,2550935.4493148997,9388713.6717245,1403796.9698598,2058495.4309896,393551.1909936,693068.621497225,4548912.213340225,2421379.2679992,2418422.1903850753,4839801.458384275,0.0,PASS,False
ENT_US,2024-10,4732879.524229,1851897.1059488,221788.39239139995,287893.72998,7094458.7525492,4700649.3856963,2029877.4163714,2670771.9693249003,9765230.721874101,1670720.0515724001,2058495.4309896,393551.1909936,720467.1136064751,4843233.787162075,2421379.2679992,2500617.666712825,4921996.934712025,1.862645149230957e-09,PASS,False
ENT_US,2024-11,4903659.7184882,1812411.9001096,241786.6437418,287893.72998,7245751.992319601,4700649.3856963,2105458.9981858,2595190.3875105004,9840942.379830102,1616768.9695604001,2058495.4309896,393551.1909936,752882.798598475,4821698.390142076,2421379.2679992,2597864.721688825,5019243.989688026,0.0,PASS,False
ENT_US,2024-12,5127083.74239,1780800.5265486,227069.75782220002,287893.72998,7422847.7567408,4700649.3856963,2180102.7834866,2520546.6022097003,9943394.3589505,1550296.2344973,2058495.4309896,393551.1909936,795113.9771443501,4797456.83362485,2421379.2679992,2724558.25732645,5145937.52532565,0.0,PASS,False
ENT_US,2025-01,5333067.5735693,1737617.0024048,349888.7370638,287893.72998,7708467.0430179,4832042.2448803,2255841.8244818,2576200.4203985,10284667.4634164,1668002.0767725,2058495.4309896,393551.1909936,851005.7926920251,4971054.491447725,2421379.2679992,2892233.7039694753,5313612.971968675,-1.862645149230957e-09,PASS,False
ENT_US,2025-02,5652335.7362812,1685842.5282017,364944.6582078,287893.72998,7991016.652670701,4832042.2448803,2255841.8244818,2576200.4203985,10567217.0730692,1767391.2103579,2058495.4309896,393551.1909936,896795.9117088751,5116233.744049976,2421379.2679992,3029604.0610200255,5450983.329019226,-1.862645149230957e-09,PASS,False
ENT_US,2025-03,5787750.3037417,1692465.2333439,486742.10893979995,287893.72998,8254851.376005401,4832042.2448803,2327888.2043213,2504154.040559,10759005.416564401,1696799.6785084,2058495.4309896,393551.1909936,962390.8805450501,5111237.18103665,2421379.2679992,3226388.9675285504,5647768.23552775,0.0,PASS,False
ENT_US,2025-04,5985240.90024,1681707.5979803,497033.0831073,287893.72998,8451875.3113076,4975088.8919103,2401091.1082213,2573997.7836889997,11025873.0949966,1850388.2373084002,2058495.4309896,393551.1909936,990710.6604531001,5293145.5197447,2421379.2679992,3311348.3072527004,5732727.575251901,-1.862645149230957e-09,PASS,False
ENT_US,2025-05,5965766.2901062,1754713.7188656998,507896.8101827,287893.72998,8516270.549134599,4975088.8919103,2474072.9446933,2501015.9472169997,11017286.4963516,1706095.6616186001,2058495.4309896,393551.1909936,1024637.1547143001,5182779.4383161,2421379.2679992,3413127.7900363,5834507.0580355,0.0,PASS,False
ENT_US,2025-06,6299861.0076856,1659410.3145325999,516165.3353994,287893.72998,8763330.3875976,4975088.8919103,2548273.5283613,2426815.3635489997,11190145.7511466,1750237.8157716002,2058495.4309896,393551.1909936,1056816.4298748001,5259100.8676296,2421379.2679992,3509665.6155178,5931044.883517001,0.0,PASS,False
ENT_US,2025-07,6622979.0902693,1735368.5043545999,536620.9432651999,287893.72998,9182862.2678691,5071267.9477293,2623643.9558328,2447623.9918965,11630486.259765599,2016446.2409745,2058495.4309896,393551.1909936,1100349.450728825,5568842.313686525,2421379.2679992,3640264.678079875,6061643.946079075,-1.862645149230957e-09,PASS,False
ENT_US,2025-08,6751916.6979232,1667519.3958945,541619.0113791999,287893.72998,9248948.835176898,5071267.9477293,2697848.9346498,2373419.0130795,11622367.848256398,1891620.0551911,2058495.4309896,393551.1909936,1129526.394297375,5473193.071471675,2421379.2679992,3727795.5087855253,6149174.7767847255,-3.725290298461914e-09,PASS,False
ENT_US,2025-09,6764988.3024042,1642745.1334022998,685434.3281761999,287893.72998,9381061.4939627,5071267.9477293,2771990.2369048,2299277.7108245,11680339.204787198,1733664.6551571002,2058495.4309896,393551.1909936,1183508.083438575,5369219.360578875,2421379.2679992,3889740.5762091256,6311119.844208326,-3.725290298461914e-09,PASS,False
ENT_US,2025-10,7076461.7289467,1450212.5917377,755881.3401766999,287893.72998,9570449.390841099,5245099.6203969,2849906.1333901,2395193.4870068,11965642.877847899,1923076.1414768002,2058495.4309896,393551.1909936,1207481.130123825,5582603.893583825,2421379.2679992,3961659.7162648756,6383038.984264076,-1.862645149230957e-09,PASS,False
ENT_US,2025-11,6949883.4488274,1483536.0166395,891797.3531382999,287893.72998,9613110.548585199,5245099.6203969,2926681.2432998,2318418.3770971,11931528.925682299,1762381.3155450001,2058495.4309896,393551.1909936,1239126.348565375,5453554.286093574,2421379.2679992,4056595.371589525,6477974.639588725,0.0,PASS,False
ENT_US,2025-12,7017277.4791832995,1524962.3510196998,939181.3925499,287893.72998,9769314.952732898,5245099.6203969,2926681.2432998,2318418.3770971,12087733.329829998,1702362.2353972,2058495.4309896,393551.1909936,1293182.21963925,5447591.0770196505,2421379.2679992,4218762.9848111505,6640142.252810351,-3.725290298461914e-09,PASS,False
