entity_id,period,operating_cf,investing_cf,financing_cf,net_change_in_cash,beginning_cash,ending_cash,balance_sheet_cash,reconciliation_diff,status
ENT_EU,2023-01,45412.1050576,-162448.91,0.0,-117036.8049424,1017613.94,900577.1350576,900577.1350576,0.0,PASS
ENT_EU,2023-02,-1058.4175223000002,0.0,0.0,-1058.4175223000002,900577.1350576,899518.7175353,899518.7175353,0.0,PASS
ENT_EU,2023-03,112448.79847119999,0.0,0.0,112448.79847119999,899518.7175353,1011967.5160065,1011967.5160065,0.0,PASS
ENT_EU,2023-04,92448.0114511,0.0,0.0,92448.0114511,1011967.5160065,1104415.5274576,1104415.5274576,0.0,PASS
ENT_EU,2023-05,242867.5507871,0.0,0.0,242867.5507871,1104415.5274576,1347283.0782447,1347283.0782446999,2.3283064365386963e-10,PASS
ENT_EU,2023-06,316181.9995713,0.0,0.0,316181.9995713,1347283.0782446999,1663465.0778159997,1663465.077816,2.3283064365386963e-10,PASS
ENT_EU,2023-07,170580.7155456,0.0,0.0,170580.7155456,1663465.077816,1834045.7933616,1834045.7933616,0.0,PASS
ENT_EU,2023-08,50170.8401945,0.0,0.0,50170.8401945,1834045.7933616,1884216.6335561,1884216.6335561,0.0,PASS
ENT_EU,2023-09,410226.9430709,0.0,0.0,410226.9430709,1884216.6335561,2294443.5766270002,2294443.576627,4.656612873077393e-10,PASS
ENT_EU,2023-10,84453.7220566,-117473.05,0.0,-33019.3279434,2294443.576627,2261424.2486835998,2261424.2486835998,0.0,PASS
ENT_EU,2023-11,208126.421889,0.0,0.0,208126.421889,2261424.2486835998,2469550.6705726,2469550.6705726,0.0,PASS
ENT_EU,2023-12,174850.2434246,0.0,0.0,174850.2434246,2469550.6705726,2644400.9139972,2644400.9139972,0.0,PASS
ENT_EU,2024-01,316221.7419784,-129735.85,0.0,186485.89197839997,2644400.9139972,2830886.8059755997,2830886.8059756,4.656612873077393e-10,PASS
ENT_EU,2024-02,206207.33957100002,0.0,0.0,206207.33957100002,2830886.8059756,3037094.1455466,3037094.1455465998,4.656612873077393e-10,PASS
ENT_EU,2024-03,368676.50497979997,0.0,0.0,368676.50497979997,3037094.1455465998,3405770.6505263997,3405770.6505263997,0.0,PASS
ENT_EU,2024-04,-28474.536511600003,-152248.52,0.0,-180723.05651159998,3405770.6505263997,3225047.5940147997,3225047.5940147997,0.0,PASS
ENT_EU,2024-05,207019.60004849997,0.0,0.0,207019.60004849997,3225047.5940147997,3432067.1940633,3432067.1940633,0.0,PASS
ENT_EU,2024-06,337709.0418084,0.0,0.0,337709.0418084,3432067.1940633,3769776.2358716996,3769776.2358716996,0.0,PASS
ENT_EU,2024-07,154113.6730519,-154897.86,0.0,-784.1869480999885,3769776.2358716996,3768992.0489235995,3768992.0489236,4.656612873077393e-10,PASS
ENT_EU,2024-08,135839.9621525,0.0,0.0,135839.9621525,3768992.0489236,3904832.0110761,3904832.0110760997,4.656612873077393e-10,PASS
ENT_EU,2024-09,251599.98494209998,0.0,0.0,251599.98494209998,3904832.0110760997,4156431.9960181997,4156431.9960181997,0.0,PASS
ENT_EU,2024-10,60257.62687890001,-174164.05,0.0,-113906.42312109997,4156431.9960181997,4042525.5728971,4042525.5728971,0.0,PASS
ENT_EU,2024-11,128828.1463716,0.0,0.0,128828.1463716,4042525.5728971,4171353.7192687,4171353.7192687,0.0,PASS
ENT_EU,2024-12,393513.3626171,0.0,0.0,393513.3626171,4171353.7192687,4564867.0818858,4564867.0818858,0.0,PASS
ENT_EU,2025-01,192215.50931469997,-163259.6,0.0,28955.909314699966,4564867.0818858,4593822.9912005,4593822.9912005,0.0,PASS
ENT_EU,2025-02,-76271.97072620002,0.0,0.0,-76271.97072620002,4593822.9912005,4517551.0204743,4517551.0204743,0.0,PASS
ENT_EU,2025-03,401780.3174488,0.0,0.0,401780.3174488,4517551.0204743,4919331.3379231,4919331.3379231,0.0,PASS
ENT_EU,2025-04,362862.1255586,-108468.53,0.0,254393.5955586,4919331.3379231,5173724.9334817,5173724.9334817,0.0,PASS
ENT_EU,2025-05,-12949.425895399996,0.0,0.0,-12949.425895399996,5173724.9334817,5160775.507586299,5160775.507586299,0.0,PASS
ENT_EU,2025-06,58427.162185299996,0.0,0.0,58427.162185299996,5160775.507586299,5219202.6697716,5219202.6697716,0.0,PASS
ENT_EU,2025-07,307849.3358236,-168344.03,0.0,139505.3058236,5219202.6697716,5358707.9755951995,5358707.9755951995,0.0,PASS
ENT_EU,2025-08,300582.8717617,0.0,0.0,300582.8717617,5358707.9755951995,5659290.8473569,5659290.8473569,0.0,PASS
ENT_EU,2025-09,102082.6232378,0.0,0.0,102082.6232378,5659290.8473569,5761373.4705946995,5761373.4705946995,0.0,PASS
ENT_EU,2025-10,199458.9383733,-89529.64,0.0,109929.29837330001,5761373.4705946995,5871302.768967999,5871302.768968,9.313225746154785e-10,PASS
ENT_EU,2025-11,303466.781223,0.0,0.0,303466.781223,5871302.768968,6174769.550191,6174769.550191,0.0,PASS
ENT_EU,2025-12,101740.6367125,0.0,0.0,101740.6367125,6174769.550191,6276510.1869035,6276510.1869035,0.0,PASS
ENT_UK,2023-01,9769.9330884,-123113.6619342,0.0,-113343.72884580001,821504.5376454,708160.8087996,708160.8087996,0.0,PASS
ENT_UK,2023-02,45433.010227900006,0.0,0.0,45433.010227900006,708160.8087996,753593.8190275,753593.8190275,0.0,PASS
ENT_UK,2023-03,-32687.942402199995,0.0,0.0,-32687.942402199995,753593.8190275,720905.8766253,720905.8766253,0.0,PASS
ENT_UK,2023-04,162824.2101681,-78335.58017769999,0.0,84488.6299904,720905.8766253,805394.5066157001,805394.5066157,1.1641532182693481e-10,PASS
ENT_UK,2023-05,54207.70951679998,0.0,0.0,54207.70951679998,805394.5066157,859602.2161325,859602.2161325,0.0,PASS
ENT_UK,2023-06,177483.2770738,0.0,0.0,177483.2770738,859602.2161325,1037085.4932063,1037085.4932063001,1.1641532182693481e-10,PASS
ENT_UK,2023-07,225915.50928099998,-106049.67915999999,0.0,119865.83012099999,1037085.4932063001,1156951.3233273001,1156951.3233273,2.3283064365386963e-10,PASS
ENT_UK,2023-08,179140.9229819,0.0,0.0,179140.9229819,1156951.3233273,1336092.2463091998,1336092.2463092,2.3283064365386963e-10,PASS
ENT_UK,2023-09,201297.4630917,0.0,0.0,201297.4630917,1336092.2463092,1537389.7094009002,1537389.7094009,2.3283064365386963e-10,PASS
ENT_UK,2023-10,156357.73165489998,-67652.9623795,0.0,88704.76927539999,1537389.7094009,1626094.4786763,1626094.4786763,0.0,PASS
ENT_UK,2023-11,177026.784376,0.0,0.0,177026.784376,1626094.4786763,1803121.2630523,1803121.2630523,0.0,PASS
ENT_UK,2023-12,173472.1226084,0.0,0.0,173472.1226084,1803121.2630523,1976593.3856607,1976593.3856607,0.0,PASS
ENT_UK,2024-01,59166.10307359998,-127281.74963959999,0.0,-68115.64656600001,1976593.3856607,1908477.7390947,1908477.7390947,0.0,PASS
ENT_UK,2024-02,217197.5691395,0.0,0.0,217197.5691395,1908477.7390947,2125675.3082342,2125675.3082342,0.0,PASS
ENT_UK,2024-03,-14832.00851400003,0.0,0.0,-14832.00851400003,2125675.3082342,2110843.2997202,2110843.2997202,0.0,PASS
ENT_UK,2024-04,285475.0394604,-68669.3984757,0.0,216805.6409847,2110843.2997202,2327648.9407049,2327648.9407049,0.0,PASS
ENT_UK,2024-05,135926.12692890002,0.0,0.0,135926.12692890002,2327648.9407049,2463575.0676337997,2463575.0676338,4.656612873077393e-10,PASS
ENT_UK,2024-06,204996.7678219,0.0,0.0,204996.7678219,2463575.0676338,2668571.8354557003,2668571.8354557,4.656612873077393e-10,PASS
ENT_UK,2024-07,26721.026473700025,-64906.64362499999,0.0,-38185.617151299964,2668571.8354557,2630386.2183044,2630386.2183044,0.0,PASS
ENT_UK,2024-08,190098.8964743,0.0,0.0,190098.8964743,2630386.2183044,2820485.1147787,2820485.1147787,0.0,PASS
ENT_UK,2024-09,169089.2785734,0.0,0.0,169089.2785734,2820485.1147787,2989574.3933520997,2989574.3933521,4.656612873077393e-10,PASS
ENT_UK,2024-10,77773.76365620001,-126830.6914641,0.0,-49056.92780789999,2989574.3933521,2940517.4655442,2940517.4655442,0.0,PASS
ENT_UK,2024-11,339643.41732199996,0.0,0.0,339643.41732199996,2940517.4655442,3280160.8828662,3280160.8828662,0.0,PASS
ENT_UK,2024-12,77764.420479,0.0,0.0,77764.420479,3280160.8828662,3357925.3033452,3357925.3033452,0.0,PASS
ENT_UK,2025-01,214697.2775525,-105458.3002213,0.0,109238.97733119999,3357925.3033452,3467164.2806764003,3467164.2806764,4.656612873077393e-10,PASS
ENT_UK,2025-02,107805.5911541,0.0,0.0,107805.5911541,3467164.2806764,3574969.8718304997,3574969.8718304997,0.0,PASS
ENT_UK,2025-03,162692.795878,0.0,0.0,162692.795878,3574969.8718304997,3737662.6677085,3737662.6677085,0.0,PASS
ENT_UK,2025-04,145116.5104483,-92115.4736172,0.0,53001.03683109999,3737662.6677085,3790663.7045396,3790663.7045396,0.0,PASS
ENT_UK,2025-05,209047.85229679997,0.0,0.0,209047.85229679997,3790663.7045396,3999711.5568363997,3999711.5568364,4.656612873077393e-10,PASS
ENT_UK,2025-06,185990.48141439998,0.0,0.0,185990.48141439998,3999711.5568364,4185702.0382508,4185702.0382507998,4.656612873077393e-10,PASS
ENT_UK,2025-07,43374.00156110001,0.0,0.0,43374.00156110001,4185702.0382507998,4229076.0398119,4229076.0398119,0.0,PASS
ENT_UK,2025-08,218855.6540504,0.0,0.0,218855.6540504,4229076.0398119,4447931.693862299,4447931.6938623,9.313225746154785e-10,PASS
ENT_UK,2025-09,256963.764715,0.0,0.0,256963.764715,4447931.6938623,4704895.4585773,4704895.4585772995,9.313225746154785e-10,PASS
ENT_UK,2025-10,27726.55738789998,-77182.75180479999,0.0,-49456.19441690001,4704895.4585772995,4655439.264160399,4655439.2641604,9.313225746154785e-10,PASS
ENT_UK,2025-11,145284.4530056,0.0,0.0,145284.4530056,4655439.2641604,4800723.717166,4800723.717166,0.0,PASS
ENT_UK,2025-12,149338.31030009998,0.0,0.0,149338.31030009998,4800723.717166,4950062.0274661,4950062.0274661,0.0,PASS
ENT_US,2023-01,81430.7810096,-103655.6915688,0.0,-22224.910559199998,998165.7918791999,975940.8813199999,975940.8813199999,0.0,PASS
ENT_US,2023-02,14043.2362837,0.0,0.0,14043.2362837,975940.8813199999,989984.1176036999,989984.1176036999,0.0,PASS
ENT_US,2023-03,-16328.763532799996,0.0,0.0,-16328.763532799996,989984.1176036999,973655.3540708999,973655.3540708999,0.0,PASS
ENT_US,2023-04,281806.1289699,-129933.5972775,0.0,151872.53169240002,973655.3540708999,1125527.8857633,1125527.8857633,0.0,PASS
ENT_US,2023-05,182216.0249407,0.0,0.0,182216.0249407,1125527.8857633,1307743.910704,1307743.910704,0.0,PASS
ENT_US,2023-06,18662.197608599978,0.0,0.0,18662.197608599978,1307743.910704,1326406.1083125998,1326406.1083125998,0.0,PASS
ENT_US,2023-07,329189.1158164,-143759.8990038,0.0,185429.21681259997,1326406.1083125998,1511835.3251251997,1511835.3251251997,0.0,PASS
ENT_US,2023-08,355869.3887508,0.0,0.0,355869.3887508,1511835.3251251997,1867704.7138759997,1867704.713876,2.3283064365386963e-10,PASS
ENT_US,2023-09,237701.31693090004,0.0,0.0,237701.31693090004,1867704.713876,2105406.0308069,2105406.0308069,0.0,PASS
ENT_US,2023-10,69934.79350939998,-173636.80673249997,0.0,-103702.01322309999,2105406.0308069,2001704.0175838,2001704.0175838,0.0,PASS
ENT_US,2023-11,338284.396584,0.0,0.0,338284.396584,2001704.0175838,2339988.4141678,2339988.4141678,0.0,PASS
ENT_US,2023-12,-5314.869141600018,0.0,0.0,-5314.869141600018,2339988.4141678,2334673.5450262,2334673.5450262,0.0,PASS
ENT_US,2024-01,376738.6361871,-159900.9202231,0.0,216837.71596400003,2334673.5450262,2551511.2609902,2551511.2609902,0.0,PASS
ENT_US,2024-02,275133.620274,0.0,0.0,275133.620274,2551511.2609902,2826644.8812642,2826644.8812642,0.0,PASS
ENT_US,2024-03,276115.9016979,0.0,0.0,276115.9016979,2826644.8812642,3102760.7829621,3102760.7829620996,4.656612873077393e-10,PASS
ENT_US,2024-04,177878.7515414,0.0,0.0,177878.7515414,3102760.7829620996,3280639.5345034995,3280639.5345035,4.656612873077393e-10,PASS
ENT_US,2024-05,238361.5007378,0.0,0.0,238361.5007378,3280639.5345035,3519001.0352413,3519001.0352413,0.0,PASS
ENT_US,2024-06,528772.2973231,0.0,0.0,528772.2973231,3519001.0352413,4047773.3325643996,4047773.3325643996,0.0,PASS
ENT_US,2024-07,366946.4606239,-188532.72691899998,0.0,178413.73370490002,4047773.3325643996,4226187.0662693,4226187.0662693,0.0,PASS
ENT_US,2024-08,307094.68071980006,0.0,0.0,307094.68071980006,4226187.0662693,4533281.7469891,4533281.7469891,0.0,PASS
ENT_US,2024-09,-123737.34558130002,0.0,0.0,-123737.34558130002,4533281.7469891,4409544.401407801,4409544.4014078,9.313225746154785e-10,PASS
ENT_US,2024-10,521394.90496560006,-198059.7821444,0.0,323335.12282120006,4409544.4014078,4732879.524228999,4732879.524229,9.313225746154785e-10,PASS
ENT_US,2024-11,170780.1942592,0.0,0.0,170780.1942592,4732879.524229,4903659.718488201,4903659.7184882,9.313225746154785e-10,PASS
ENT_US,2024-12,223424.02390179998,0.0,0.0,223424.02390179998,4903659.7184882,5127083.742389999,5127083.74239,9.313225746154785e-10,PASS
ENT_US,2025-01,337376.6903633,-131392.859184,0.0,205983.83117929997,5127083.74239,5333067.573569301,5333067.5735693,9.313225746154785e-10,PASS
ENT_US,2025-02,319268.1627119,0.0,0.0,319268.1627119,5333067.5735693,5652335.736281199,5652335.7362812,9.313225746154785e-10,PASS
ENT_US,2025-03,135414.56746050002,0.0,0.0,135414.56746050002,5652335.7362812,5787750.3037417,5787750.3037417,0.0,PASS
ENT_US,2025-04,340537.2435283,-143046.64703,0.0,197490.59649830003,5787750.3037417,5985240.90024,5985240.90024,0.0,PASS
ENT_US,2025-05,-19474.610133800037,0.0,0.0,-19474.610133800037,5985240.90024,5965766.290106201,5965766.2901062,9.313225746154785e-10,PASS
ENT_US,2025-06,334094.7175794,0.0,0.0,334094.7175794,5965766.2901062,6299861.0076856,6299861.0076856,0.0,PASS
ENT_US,2025-07,419297.13840269996,-96179.055819,0.0,323118.08258369996,6299861.0076856,6622979.0902693,6622979.0902693,0.0,PASS
ENT_US,2025-08,128937.6076539,0.0,0.0,128937.6076539,6622979.0902693,6751916.6979232,6751916.6979232,0.0,PASS
ENT_US,2025-09,13071.604481,0.0,0.0,13071.604481,6751916.6979232,6764988.302404201,6764988.3024042,9.313225746154785e-10,PASS
ENT_US,2025-10,485305.0992101,-173831.6726676,0.0,311473.42654250003,6764988.3024042,7076461.7289467,7076461.7289467,0.0,PASS
ENT_US,2025-11,-126578.28011929998,0.0,0.0,-126578.28011929998,7076461.7289467,6949883.4488274,6949883.4488274,0.0,PASS
ENT_US,2025-12,67394.03035589997,0.0,0.0,67394.03035589997,6949883.4488274,7017277.4791832995,7017277.4791832995,0.0,PASS
