entity_id,metric,period,step,forecast,model,ci_lower,ci_upper
ENT_EU,revenue,2026-01,1,659870.30728,naive,569374.582130303,750366.0324296969
ENT_EU,revenue,2026-02,2,659870.30728,naive,531890.0254365106,787850.5891234893
ENT_EU,revenue,2026-03,3,659870.30728,naive,503127.1134529363,816613.5011070636
ENT_EU,revenue,2026-04,4,659870.30728,naive,478878.8569806061,840861.7575793938
ENT_EU,revenue,2026-05,5,659870.30728,naive,457515.71417214035,862224.9003878596
ENT_EU,revenue,2026-06,6,659870.30728,naive,438201.9567600917,881538.6577999082
ENT_EU,revenue,2026-07,7,659870.30728,naive,420441.1238194485,899299.4907405514
ENT_EU,revenue,2026-08,8,659870.30728,naive,403909.74359302124,915830.8709669786
ENT_EU,revenue,2026-09,9,659870.30728,naive,388383.13183090923,931357.4827290906
ENT_EU,revenue,2026-10,10,659870.30728,naive,373697.6972983756,946042.9172616242
ENT_EU,revenue,2026-11,11,659870.30728,naive,359729.94182732655,960010.6727326734
ENT_EU,revenue,2026-12,12,659870.30728,naive,346383.9196258726,973356.6949341274
ENT_EU,operating_expense,2026-01,1,202182.5242291,naive,175375.655796248,228989.392661952
ENT_EU,operating_expense,2026-02,2,202182.5242291,naive,164271.8873266095,240093.16113159052
ENT_EU,operating_expense,2026-03,3,202182.5242291,naive,155751.66611158603,248613.38234661397
ENT_EU,operating_expense,2026-04,4,202182.5242291,naive,148568.787363396,255796.261094804
ENT_EU,operating_expense,2026-05,5,202182.5242291,naive,142240.54414934965,262124.50430885036
ENT_EU,operating_expense,2026-06,6,202182.5242291,naive,136519.37496669084,267845.67349150917
ENT_EU,operating_expense,2026-07,7,202182.5242291,naive,131258.2169273458,273106.8315308542
ENT_EU,operating_expense,2026-08,8,202182.5242291,naive,126361.25042411899,278003.798034081
ENT_EU,operating_expense,2026-09,9,202182.5242291,naive,121761.918930544,282603.129527656
ENT_EU,operating_expense,2026-10,10,202182.5242291,naive,117411.76304481916,286953.2854133808
ENT_EU,operating_expense,2026-11,11,202182.5242291,naive,113274.19983290743,291090.8486252926
ENT_EU,operating_expense,2026-12,12,202182.5242291,naive,109320.80799407208,295044.2404641279
ENT_EU,accounts_receivable,2026-01,1,1807268.9081089,seasonal_naive,1605395.2014575473,2009142.6147602529
ENT_EU,accounts_receivable,2026-02,2,1917867.2893203,seasonal_naive,1632374.7554874292,2203359.8231531708
ENT_EU,accounts_receivable,2026-03,3,1888081.5984609001,seasonal_naive,1538426.081828502,2237737.1150932983
ENT_EU,accounts_receivable,2026-04,4,1943456.7059057,seasonal_naive,1539709.2926029945,2347204.1192084057
ENT_EU,accounts_receivable,2026-05,5,2062510.8056681,seasonal_naive,1611107.4747258238,2513914.136610376
ENT_EU,accounts_receivable,2026-06,6,2120728.7190599,seasonal_naive,1626241.1452797912,2615216.2928400086
ENT_EU,accounts_receivable,2026-07,7,1973638.8533514002,seasonal_naive,1439531.229309115,2507746.4773936854
ENT_EU,accounts_receivable,2026-08,8,1836114.1372849,seasonal_naive,1265129.0696191583,2407099.204950642
ENT_EU,accounts_receivable,2026-09,9,1798598.8398353,seasonal_naive,1192977.7198812417,2404219.9597893585
ENT_EU,accounts_receivable,2026-10,10,1857351.0648753,seasonal_naive,1218970.3521563422,2495731.777594258
ENT_EU,accounts_receivable,2026-11,11,1858185.8013877,seasonal_naive,1188646.4613868897,2527725.1413885104
ENT_EU,accounts_receivable,2026-12,12,1926106.4241877,seasonal_naive,1226795.3909229035,2625417.4574524965
ENT_EU,accounts_payable,2026-01,1,1719641.3802264999,naive,1579533.6461248908,1859749.114328109
ENT_EU,accounts_payable,2026-02,2,1719641.3802264999,naive,1521499.122466641,1917783.6379863587
ENT_EU,accounts_payable,2026-03,3,1719641.3802264999,naive,1476967.6662291624,1962315.0942238374
ENT_EU,accounts_payable,2026-04,4,1719641.3802264999,naive,1439425.9120232817,1999856.848429718
ENT_EU,accounts_payable,2026-05,5,1719641.3802264999,naive,1406350.9626018365,2032931.7978511632
ENT_EU,accounts_payable,2026-06,6,1719641.3802264999,naive,1376448.9226600155,2062833.8377929842
ENT_EU,accounts_payable,2026-07,7,1719641.3802264999,naive,1348951.1590368787,2090331.601416121
ENT_EU,accounts_payable,2026-08,8,1719641.3802264999,naive,1323356.8647067822,2115925.8957462176
ENT_EU,accounts_payable,2026-09,9,1719641.3802264999,naive,1299318.1779216728,2139964.582531327
ENT_EU,accounts_payable,2026-10,10,1719641.3802264999,naive,1276581.82266017,2162700.9377928297
ENT_EU,accounts_payable,2026-11,11,1719641.3802264999,naive,1254956.5959845807,2184326.1644684193
ENT_EU,accounts_payable,2026-12,12,1719641.3802264999,naive,1234293.9522318249,2204988.808221175
ENT_EU,operating_cf,2026-01,1,208378.14623334506,gradient_boosting,92917.00487531803,323839.2875913721
ENT_EU,operating_cf,2026-02,2,297799.0428924082,gradient_boosting,134512.33085680928,461085.75492800714
ENT_EU,operating_cf,2026-03,3,204033.44749454016,gradient_boosting,4048.8843625451555,404018.01062653516
ENT_EU,operating_cf,2026-04,4,195399.5932014714,gradient_boosting,-35522.68951458266,426321.8759175255
ENT_EU,operating_cf,2026-05,5,189939.7207861995,gradient_boosting,-68239.24005006131,448118.6816224603
ENT_EU,operating_cf,2026-06,6,242085.4338006268,gradient_boosting,-40735.44764589894,524906.3152471526
ENT_EU,operating_cf,2026-07,7,189161.64497223723,gradient_boosting,-116319.82115277683,494643.1110972513
ENT_EU,operating_cf,2026-08,8,205942.28581145275,gradient_boosting,-120631.13825974512,532515.7098826506
ENT_EU,operating_cf,2026-09,9,212087.80612036207,gradient_boosting,-134295.61795371905,558471.2301944431
ENT_EU,operating_cf,2026-10,10,202474.80926992156,gradient_boosting,-162645.37866411067,567594.9972039538
ENT_EU,operating_cf,2026-11,11,205942.28581145275,gradient_boosting,-176998.99793930884,588883.5695622143
ENT_EU,operating_cf,2026-12,12,203835.734608554,gradient_boosting,-196133.39165543602,603804.860872544
ENT_EU,ending_cash,2026-01,1,6343446.968492475,exponential_smoothing,5972560.033979003,6714333.903005947
ENT_EU,ending_cash,2026-02,2,6485979.780029662,exponential_smoothing,5961466.447133728,7010493.112925596
ENT_EU,ending_cash,2026-03,3,6842230.422665707,exponential_smoothing,6199835.408224903,7484625.437106511
ENT_EU,ending_cash,2026-04,4,6901316.34511785,exponential_smoothing,6159542.476090907,7643090.214144793
ENT_EU,ending_cash,2026-05,5,7018305.559113639,exponential_smoothing,6188977.1615750035,7847633.956652275
ENT_EU,ending_cash,2026-06,6,7238078.983483948,exponential_smoothing,6329595.241660902,8146562.725306993
ENT_EU,ending_cash,2026-07,7,7352253.907534695,exponential_smoothing,6370979.3142889505,8333528.50078044
ENT_EU,ending_cash,2026-08,8,7504566.4653499955,exponential_smoothing,6455539.799558128,8553593.131141864
ENT_EU,ending_cash,2026-09,9,7772981.7752332175,exponential_smoothing,6660320.971692802,8885642.578773633
ENT_EU,ending_cash,2026-10,10,7726950.198090418,exponential_smoothing,6554102.730630134,8899797.665550703
ENT_EU,ending_cash,2026-11,11,7913287.430150547,exponential_smoothing,6683194.628724247,9143380.231576847
ENT_EU,ending_cash,2026-12,12,8158430.638332346,exponential_smoothing,6873640.609450739,9443220.667213954
ENT_UK,revenue,2026-01,1,489112.3409949,seasonal_naive,421509.2086808762,556715.4733089238
ENT_UK,revenue,2026-02,2,544556.7001403001,seasonal_naive,448951.4335629048,640161.9667176954
ENT_UK,revenue,2026-03,3,579535.2762764,seasonal_naive,462443.2163577094,696627.3361950906
ENT_UK,revenue,2026-04,4,502339.053296,seasonal_naive,367132.7886679524,637545.3179240476
ENT_UK,revenue,2026-05,5,616597.28614,seasonal_naive,465432.0867939301,767762.4854860699
ENT_UK,revenue,2026-06,6,660371.1376767999,seasonal_naive,494777.9584935846,825964.3168600153
ENT_UK,revenue,2026-07,7,545132.3451612,seasonal_naive,366271.26920929854,723993.4211131015
ENT_UK,revenue,2026-08,8,523204.9411368,seasonal_naive,331994.40798200935,714415.4742915906
ENT_UK,revenue,2026-09,9,503481.46371379995,seasonal_naive,300672.06677172857,706290.8606558713
ENT_UK,revenue,2026-10,10,455099.6709893,seasonal_naive,241319.79591525544,668879.5460633446
ENT_UK,revenue,2026-11,11,550176.6839771001,seasonal_naive,325962.4594387325,774390.9085154677
ENT_UK,revenue,2026-12,12,487756.6608332,seasonal_naive,253572.54099581882,721940.7806705812
ENT_UK,operating_expense,2026-01,1,153546.8909159,naive,113849.45914037745,193244.32269142254
ENT_UK,operating_expense,2026-02,2,153546.8909159,naive,97406.24450757535,209687.53732422466
ENT_UK,operating_expense,2026-03,3,153546.8909159,naive,84788.92215069575,222304.85968110425
ENT_UK,operating_expense,2026-04,4,153546.8909159,naive,74152.0273648549,232941.7544669451
ENT_UK,operating_expense,2026-05,5,153546.8909159,naive,64780.73493367141,242313.04689812858
ENT_UK,operating_expense,2026-06,6,153546.8909159,naive,56308.438966922506,250785.3428648775
ENT_UK,operating_expense,2026-07,7,153546.8909159,naive,48517.35874991407,258576.42308188594
ENT_UK,operating_expense,2026-08,8,153546.8909159,naive,41265.598099250696,265828.1837325493
ENT_UK,operating_expense,2026-09,9,153546.8909159,naive,34454.59558933234,272639.18624246767
ENT_UK,operating_expense,2026-10,10,153546.8909159,naive,28012.58924610667,279081.1925856933
ENT_UK,operating_expense,2026-11,11,153546.8909159,naive,21885.40457575972,285208.3772560403
ENT_UK,operating_expense,2026-12,12,153546.8909159,naive,16030.953385491506,291062.8284463085
ENT_UK,accounts_receivable,2026-01,1,1009136.0569030001,naive,864642.0595350703,1153630.05427093
ENT_UK,accounts_receivable,2026-02,2,1009136.0569030001,naive,804790.6861437714,1213481.4276622287
ENT_UK,accounts_receivable,2026-03,3,1009136.0569030001,naive,758865.1120730219,1259407.0017329783
ENT_UK,accounts_receivable,2026-04,4,1009136.0569030001,naive,720148.0621671404,1298124.0516388598
ENT_UK,accounts_receivable,2026-05,5,1009136.0569030001,naive,686037.6564476333,1332234.4573583668
ENT_UK,accounts_receivable,2026-06,6,1009136.0569030001,naive,655199.4924565165,1363072.6213494837
ENT_UK,accounts_receivable,2026-07,7,1009136.0569030001,naive,626840.8739258362,1391431.2398801642
ENT_UK,accounts_receivable,2026-08,8,1009136.0569030001,naive,600445.3153845427,1417826.7984214574
ENT_UK,accounts_receivable,2026-09,9,1009136.0569030001,naive,575654.0647992105,1442618.0490067897
ENT_UK,accounts_receivable,2026-10,10,1009136.0569030001,naive,552205.9169979668,1466066.1968080334
ENT_UK,accounts_receivable,2026-11,11,1009136.0569030001,naive,529903.683174976,1488368.4306310243
ENT_UK,accounts_receivable,2026-12,12,1009136.0569030001,naive,508594.1672430439,1509677.9465629563
ENT_UK,accounts_payable,2026-01,1,1086308.5164425336,gradient_boosting,938650.6959381455,1233966.3369469217
ENT_UK,accounts_payable,2026-02,2,1055198.161182519,gradient_boosting,846378.4688347613,1264017.8535302768
ENT_UK,accounts_payable,2026-03,3,1041009.0030787715,gradient_boosting,785258.1558302859,1296759.850327257
ENT_UK,accounts_payable,2026-04,4,1102934.1052438717,gradient_boosting,807618.4642350955,1398249.7462526478
ENT_UK,accounts_payable,2026-05,5,1055198.161182519,gradient_boosting,725025.237125245,1385371.0852397932
ENT_UK,accounts_payable,2026-06,6,1058642.0487563638,gradient_boosting,696955.7319891456,1420328.3655235819
ENT_UK,accounts_payable,2026-07,7,1113070.4504496425,gradient_boosting,722404.5782612178,1503736.3226380672
ENT_UK,accounts_payable,2026-08,8,1055198.161182519,gradient_boosting,637558.7764870037,1472837.5458780346
ENT_UK,accounts_payable,2026-09,9,1090411.3059830426,gradient_boosting,647437.8444698784,1533384.7674962068
ENT_UK,accounts_payable,2026-10,10,1103979.9736742014,gradient_boosting,637044.9465440225,1570915.0008043803
ENT_UK,accounts_payable,2026-11,11,1081258.2270108536,gradient_boosting,591532.6390361523,1570983.814985555
ENT_UK,accounts_payable,2026-12,12,1099656.554993902,gradient_boosting,588154.8604969308,1611158.2494908734
ENT_UK,operating_cf,2026-01,1,126798.32001309699,exponential_smoothing,-31321.306784932123,284917.9468111261
ENT_UK,operating_cf,2026-02,2,155777.4049629696,exponential_smoothing,-67837.5157321755,379392.3256581147
ENT_UK,operating_cf,2026-03,3,65658.20676593331,exponential_smoothing,-208213.02052208246,339529.4340539491
ENT_UK,operating_cf,2026-04,4,208998.48886943105,exponential_smoothing,-107240.76472662718,525237.7424654893
ENT_UK,operating_cf,2026-05,5,169927.61220045527,exponential_smoothing,-183638.62189683528,523493.8462977458
ENT_UK,operating_cf,2026-06,6,194574.96195134957,exponential_smoothing,-192737.44202312682,581887.3659258259
ENT_UK,operating_cf,2026-07,7,136047.50076874613,exponential_smoothing,-282297.70913718315,554392.7106746754
ENT_UK,operating_cf,2026-08,8,189274.7604911751,exponential_smoothing,-257955.08089911507,636504.6018814653
ENT_UK,operating_cf,2026-09,9,184937.24633348384,exponential_smoothing,-289421.6340606035,659296.1267275712
ENT_UK,operating_cf,2026-10,10,113470.77068320665,exponential_smoothing,-386547.39277436223,613488.9341407756
ENT_UK,operating_cf,2026-11,11,252307.28161777905,exponential_smoothing,-272116.19246230833,776730.7556978664
ENT_UK,operating_cf,2026-12,12,116687.91413250616,exponential_smoothing,-431054.54044352536,664430.3687085377
ENT_UK,ending_cash,2026-01,1,4927315.609804039,exponential_smoothing,4815812.109221408,5038819.11038667
ENT_UK,ending_cash,2026-02,2,5106175.315346772,exponential_smoothing,4948485.552570739,5263865.078122805
ENT_UK,ending_cash,2026-03,3,5169951.947403248,exponential_smoothing,4976822.219172346,5363081.67563415
ENT_UK,ending_cash,2026-04,4,5304368.981108639,exponential_smoothing,5081361.979943378,5527375.982273901
ENT_UK,ending_cash,2026-05,5,5455724.314368367,exponential_smoothing,5206394.907336418,5705053.721400317
ENT_UK,ending_cash,2026-06,6,5638140.987485453,exponential_smoothing,5365014.306523881,5911267.668447024
ENT_UK,ending_cash,2026-07,7,5643603.480497835,exponential_smoothing,5348592.947643049,5938614.013352621
ENT_UK,ending_cash,2026-08,8,5815568.16411704,exponential_smoothing,5500188.638564975,6130947.689669105
ENT_UK,ending_cash,2026-09,9,6011511.200684782,exponential_smoothing,5677000.69893689,6346021.702432674
ENT_UK,ending_cash,2026-10,10,6018451.052419823,exponential_smoothing,5665846.023496797,6371056.081342848
ENT_UK,ending_cash,2026-11,11,6252520.498996603,exponential_smoothing,5882705.224752842,6622335.773240364
ENT_UK,ending_cash,2026-12,12,6380321.029179913,exponential_smoothing,5994061.572718108,6766580.485641718
ENT_US,revenue,2026-01,1,668318.552221144,gradient_boosting,576925.2950043388,759711.8094379491
ENT_US,revenue,2026-02,2,700288.5252316255,gradient_boosting,571038.9413661669,829538.1090970841
ENT_US,revenue,2026-03,3,672666.6820936603,gradient_boosting,514368.9171249429,830964.4470623778
ENT_US,revenue,2026-04,4,755100.1818131641,gradient_boosting,572313.6673795538,937886.6962467745
ENT_US,revenue,2026-05,5,744545.5004987965,gradient_boosting,540183.9646768968,948907.0363206961
ENT_US,revenue,2026-06,6,747112.280294967,gradient_boosting,523245.4341828581,970979.1264070759
ENT_US,revenue,2026-07,7,734063.2886225398,gradient_boosting,492259.4585187142,975867.1187263655
ENT_US,revenue,2026-08,8,685404.4631436007,gradient_boosting,426905.29541268345,943903.6308745181
ENT_US,revenue,2026-09,9,666006.6726179275,gradient_boosting,391826.90096751205,940186.444268343
ENT_US,revenue,2026-10,10,678669.116721493,gradient_boosting,389658.26113476744,967679.9723082185
ENT_US,revenue,2026-11,11,668318.552221144,gradient_boosting,365201.4096645604,971435.6947777276
ENT_US,revenue,2026-12,12,707403.0115482673,gradient_boosting,390807.4816108323,1023998.5414857024
ENT_US,operating_expense,2026-01,1,243975.83046530472,gradient_boosting,223701.19951595544,264250.461414654
ENT_US,operating_expense,2026-02,2,230496.04151938058,gradient_boosting,201823.38345870154,259168.69958005962
ENT_US,operating_expense,2026-03,3,225678.54246410006,gradient_boosting,190561.8515551187,260795.23337308143
ENT_US,operating_expense,2026-04,4,247311.20705336076,gradient_boosting,206761.94515466221,287860.46895205934
ENT_US,operating_expense,2026-05,5,227521.7209526795,gradient_boosting,182186.2679312134,272857.17397414555
ENT_US,operating_expense,2026-06,6,254161.97759453152,gradient_boosting,204499.4770453861,303824.47814367694
ENT_US,operating_expense,2026-07,7,228768.05775693373,gradient_boosting,175126.42634134216,282409.6891725253
ENT_US,operating_expense,2026-08,8,234751.62519457078,gradient_boosting,177406.30907321267,292096.9413159289
ENT_US,operating_expense,2026-09,9,236518.0430252931,gradient_boosting,175694.15017724526,297341.93587334093
ENT_US,operating_expense,2026-10,10,247593.40949077168,gradient_boosting,183479.39697148604,311707.4220100573
ENT_US,operating_expense,2026-11,11,231145.8351070276,gradient_boosting,163902.49148510897,298389.17872894625
ENT_US,operating_expense,2026-12,12,235259.87598701223,gradient_boosting,165026.4941690495,305493.257804975
ENT_US,accounts_receivable,2026-01,1,1524962.3510196998,naive,1301803.7863066029,1748120.9157327968
ENT_US,accounts_receivable,2026-02,2,1524962.3510196998,naive,1209368.4822427242,1840556.2197966755
ENT_US,accounts_receivable,2026-03,3,1524962.3510196998,naive,1138440.378792469,1911484.3232469307
ENT_US,accounts_receivable,2026-04,4,1524962.3510196998,naive,1078645.2215935062,1971279.4804458935
ENT_US,accounts_receivable,2026-05,5,1524962.3510196998,naive,1025964.6305599294,2023960.0714794702
ENT_US,accounts_receivable,2026-06,6,1524962.3510196998,naive,978337.735740753,2071586.9662986468
ENT_US,accounts_receivable,2026-07,7,1524962.3510196998,naive,934540.2858547315,2115384.4161846684
ENT_US,accounts_receivable,2026-08,8,1524962.3510196998,naive,893774.6134657486,2156150.088573651
ENT_US,accounts_receivable,2026-09,9,1524962.3510196998,naive,855486.6568804092,2194438.0451589907
ENT_US,accounts_receivable,2026-10,10,1524962.3510196998,naive,819273.007152234,2230651.694887166
ENT_US,accounts_receivable,2026-11,11,1524962.3510196998,naive,784829.123112113,2265095.578927287
ENT_US,accounts_receivable,2026-12,12,1524962.3510196998,naive,751918.4065652378,2298006.295474162
ENT_US,accounts_payable,2026-01,1,1702362.2353972,naive,1459199.96666624,1945524.5041281602
ENT_US,accounts_payable,2026-02,2,1702362.2353972,naive,1358478.857100465,2046245.613693935
ENT_US,accounts_payable,2026-03,3,1702362.2353972,naive,1281192.8314714602,2123531.6393229403
ENT_US,accounts_payable,2026-04,4,1702362.2353972,naive,1216037.6979352797,2188686.7728591203
ENT_US,accounts_payable,2026-05,5,1702362.2353972,naive,1158634.8729517017,2246089.5978426985
ENT_US,accounts_payable,2026-06,6,1702362.2353972,naive,1106738.7523088264,2297985.718485574
ENT_US,accounts_payable,2026-07,7,1702362.2353972,naive,1059015.3441008218,2345709.1266935784
ENT_US,accounts_payable,2026-08,8,1702362.2353972,naive,1014595.47880373,2390128.99199067
ENT_US,accounts_payable,2026-09,9,1702362.2353972,naive,972875.4292043195,2431849.0415900806
ENT_US,accounts_payable,2026-10,10,1702362.2353972,naive,933415.6251934246,2471308.8456009757
ENT_US,accounts_payable,2026-11,11,1702362.2353972,naive,895884.2268450359,2508840.2439493644
ENT_US,accounts_payable,2026-12,12,1702362.2353972,naive,860023.4275457202,2544701.04324868
ENT_US,operating_cf,2026-01,1,337376.6903633,seasonal_naive,22419.121817760228,652334.2589088397
ENT_US,operating_cf,2026-02,2,319268.1627119,seasonal_naive,-126149.102297256,764685.427721056
ENT_US,operating_cf,2026-03,3,135414.56746050002,seasonal_naive,-410107.943488732,680937.0784097321
ENT_US,operating_cf,2026-04,4,340537.2435283,seasonal_naive,-289377.89356277947,970452.3806193795
ENT_US,operating_cf,2026-05,5,-19474.610133800037,seasonal_naive,-723741.1434296764,684791.9231620763
ENT_US,operating_cf,2026-06,6,334094.7175794,seasonal_naive,-437390.6159848292,1105580.0511436292
ENT_US,operating_cf,2026-07,7,419297.13840269996,seasonal_naive,-414002.2615063775,1252596.5383117774
ENT_US,operating_cf,2026-08,8,128937.6076539,seasonal_naive,-761896.922364412,1019772.1376722121
ENT_US,operating_cf,2026-09,9,13071.604481,seasonal_naive,-931801.1011556191,957944.3101176191
ENT_US,operating_cf,2026-10,10,485305.0992101,seasonal_naive,-510678.18370241136,1481288.3821226114
ENT_US,operating_cf,2026-11,11,-126578.28011929998,seasonal_naive,-1171174.359867497,918017.7996288971
ENT_US,operating_cf,2026-12,12,67394.03035589997,seasonal_naive,-1023650.9915425641,1158439.0522543641
ENT_US,ending_cash,2026-01,1,7151297.2717856765,exponential_smoothing,6933303.208655135,7369291.334916218
ENT_US,ending_cash,2026-02,2,7386935.953304246,exponential_smoothing,7078645.792708217,7695226.113900275
ENT_US,ending_cash,2026-03,3,7501592.2842111215,exponential_smoothing,7124015.491120646,7879169.077301597
ENT_US,ending_cash,2026-04,4,7634917.4394277865,exponential_smoothing,7198929.313166703,8070905.56568887
ENT_US,ending_cash,2026-05,5,7751242.864615421,exponential_smoothing,7263793.320764149,8238692.408466693
ENT_US,ending_cash,2026-06,6,7953509.185309767,exponential_smoothing,7419534.963683876,8487483.406935658
ENT_US,ending_cash,2026-07,7,8164553.236198518,exponential_smoothing,7587795.15786659,8741311.314530447
ENT_US,ending_cash,2026-08,8,8336216.850473185,exponential_smoothing,7719636.529281127,8952797.171665244
ENT_US,ending_cash,2026-09,9,8319403.5488767065,exponential_smoothing,7665421.3594850805,8973385.738268333
ENT_US,ending_cash,2026-10,10,8475280.953347994,exponential_smoothing,7785923.197460946,9164638.709235042
ENT_US,ending_cash,2026-11,11,8531232.39378255,exponential_smoothing,7808227.879853495,9254236.907711606
ENT_US,ending_cash,2026-12,12,8602228.951220505,exponential_smoothing,7847075.3650395535,9357382.537401456
