entity_id,period,revenue,cogs,gross_profit,operating_expense,ebitda,depreciation,ebit,interest,pretax_income,taxes,net_income
ENT_EU,2023-01,510103.757602,196030.5,314073.257602,166228.26998399998,147844.98761800004,68314.88,79530.10761800004,9782.7,69747.40761800004,20924.22228540001,48823.18533260003
ENT_EU,2023-02,577106.9992983,239942.06,337164.9392983,185660.2544721,151504.6848262,0.0,151504.6848262,9782.7,141721.9848262,42516.595447859996,99205.38937834001
ENT_EU,2023-03,638321.196254,219520.22,418800.976254,194496.45018759998,224304.5260664,136629.76,87674.76606639998,9782.7,77892.06606639999,23367.619819919997,54524.44624647999
ENT_EU,2023-04,626711.2110934,279716.13,346995.0810934,179692.7583647,167302.3227287,69824.61,97477.7127287,9782.7,87695.0127287,26308.503818610003,61386.50891009001
ENT_EU,2023-05,667782.0616042,256328.7,411453.36160420004,186107.3455842,225346.01602000004,0.0,225346.01602000004,9782.7,215563.31602000003,64668.994806,150894.32121400003
ENT_EU,2023-06,666228.1458741,278558.61,387669.53587410005,207735.2935729,179934.24230120005,69824.61,110109.63230120005,9782.7,100326.93230120005,30098.079690360013,70228.85261084004
ENT_EU,2023-07,690883.3669436,290909.06,399974.3069436,246684.2706842,153290.03625940002,71096.99,82193.04625940001,9782.7,72410.34625940002,21723.103877820005,50687.242381580014
ENT_EU,2023-08,643804.2881031,227276.72,416527.56810310006,191562.8131541,224964.75494900005,71096.99,153867.76494900003,9782.7,144085.06494900002,43225.5194847,100859.54546430003
ENT_EU,2023-09,641496.2234844,263500.48,377995.7434844,171431.838248,206563.9052364,71096.99,135466.91523639997,9782.7,125684.21523639998,37705.26457091999,87978.95066547999
ENT_EU,2023-10,602773.4467004,285255.24,317518.2067004,184246.6505175,133271.55618289998,72859.08,60412.476182899976,9782.7,50629.77618289998,15188.932854869992,35440.84332802999
ENT_EU,2023-11,687735.363216,287351.06,400384.30321600003,204411.316594,195972.98662200003,72859.08,123113.90662200002,9782.7,113331.20662200003,33999.36198660001,79331.84463540002
ENT_EU,2023-12,651251.6697216,300972.69,350278.9797216,207879.3257612,142399.65396040003,72859.08,69540.57396040003,9782.7,59757.87396040003,17927.36218812001,41830.51177228002
ENT_EU,2024-01,541991.9316148,252436.38,289555.5516148,199001.7805,90553.77111480001,74805.12,15748.651114800014,9782.7,5965.951114800013,1789.785334440004,4176.165780360009
ENT_EU,2024-02,665816.4897145,279646.4,386170.0897145,212826.62786449998,173343.46185000002,74805.12,98538.34185000003,9782.7,88755.64185000003,26626.69255500001,62128.94929500002
ENT_EU,2024-03,637096.796828,274312.71,362784.08682799997,164580.1504962,198203.93633179998,74805.12,123398.81633179999,9782.7,113616.11633179999,34084.834899539994,79531.28143226
ENT_EU,2024-04,643748.2022113,288683.8,355064.40221130004,192957.4635941,162106.93861720004,77088.85,85018.08861720003,9782.7,75235.38861720003,22570.61658516001,52664.772032040026
ENT_EU,2024-05,637917.9685366,254797.56,383120.4085366,213468.9584115,169651.4501251,77088.85,92562.6001251,9782.7,82779.9001251,24833.970037529998,57945.93008757
ENT_EU,2024-06,704265.1657408,300566.88,403698.28574079997,216949.3486931,186748.93704769996,77088.85,109660.08704769996,9782.7,99877.38704769996,29963.216114309987,69914.17093338998
ENT_EU,2024-07,691292.17525,293318.07,397974.10524999996,233358.4662397,164615.63901029996,79412.32,85203.31901029995,9782.7,75420.61901029995,22626.185703089985,52794.43330720997
ENT_EU,2024-08,600152.1037378,253947.9,346204.2037378,229045.9789185,117158.2248193,79412.32,37745.90481929999,9782.7,27963.20481929999,8388.961445789997,19574.24337350999
ENT_EU,2024-09,667395.8011499,294034.61,373361.19114989997,207129.837922,166231.35322789996,79412.32,86819.03322789996,9782.7,77036.33322789996,23110.899968369988,53925.43325952997
ENT_EU,2024-10,705260.2012458,318020.79,387239.41124580003,201544.4232926,185694.98795320003,82024.78,103670.20795320004,9782.7,93887.50795320004,28166.25238596001,65721.25556724003
ENT_EU,2024-11,707717.7581396,311465.65,396252.1081396,236668.627046,159583.4810936,82024.78,77558.70109360002,9782.7,67776.00109360002,20332.800328080004,47443.200765520014
ENT_EU,2024-12,767285.3342549,327169.92,440115.4142549,225721.6366003,214393.7776546,82024.78,132368.9976546,9782.7,122586.29765460001,36775.88929638,85810.40835822001
ENT_EU,2025-01,590341.9350678,268008.76,322333.1750678,215006.02887069999,107327.1461971,84473.67,22853.476197099997,9782.7,13070.776197099996,3921.232859129999,9149.543337969997
ENT_EU,2025-02,617573.5252512,301615.23,315958.2952512,213644.3640233,102313.93122789997,0.0,102313.93122789997,9782.7,92531.23122789997,27759.369368369993,64771.86185952998
ENT_EU,2025-03,728593.3422285999,294859.05,433734.29222859995,193127.0122531,240607.27997549996,168947.34,71659.93997549996,0.0,71659.93997549996,21497.981992649988,50161.95798284997
ENT_EU,2025-04,766599.2304044,318068.82,448530.4104044,218235.9578126,230294.4525918,86100.7,144193.7525918,9782.7,134411.0525918,40323.315777539996,94087.73681425999
ENT_EU,2025-05,810571.7124446,250204.59,560367.1224446,227153.2443308,333213.87811379996,86100.7,247113.17811379995,9782.7,237330.47811379994,71199.14343413997,166131.33467965998
ENT_EU,2025-06,701752.3262056,280867.55,420884.77620560006,213117.17387179998,207767.60233380008,86100.7,121666.90233380008,0.0,121666.90233380008,36500.07070014002,85166.83163366007
ENT_EU,2025-07,756833.2526846,381112.67,375720.58268459997,232543.0043877,143177.57829689997,88625.86,54551.71829689997,0.0,54551.71829689997,16365.51548906999,38186.20280782998
ENT_EU,2025-08,634405.7783375,288664.99,345740.78833750007,201988.7944304,143751.99390710006,88625.86,55126.133907100055,9782.7,45343.43390710006,13603.030172130017,31740.40373497004
ENT_EU,2025-09,738331.939624,307628.19,430703.749624,232025.1775802,198678.5720438,88625.86,110052.7120438,9782.7,100270.0120438,30081.003613139997,70189.00843066
ENT_EU,2025-10,688809.228688,277481.18,411328.048688,217535.5608133,193792.48787470002,89968.8,103823.68787470002,9782.7,94040.98787470002,28212.296362410005,65828.69151229001
ENT_EU,2025-11,691273.2934114,275659.52999999997,415613.7634114001,211989.857022,203623.90638940007,89968.8,113655.10638940007,9782.7,103872.40638940007,31161.72191682002,72710.68447258005
ENT_EU,2025-12,659870.30728,234740.85,425129.45728,202182.5242291,222946.93305089997,89968.8,132978.13305089995,9782.7,123195.43305089996,36958.62991526999,86236.80313562998
ENT_UK,2023-01,415527.93510540004,108785.2115346,306742.72357080004,135867.57153780002,170875.15203300002,44733.1324914,126142.01954160002,6754.0775082,119387.94203340002,29846.985508350004,89540.95652505002
ENT_UK,2023-02,515339.97209880006,187795.51373180002,327544.45836700004,157649.45655670002,169895.00181030002,0.0,169895.00181030002,6736.0902323,163158.91157800003,40789.72789450001,122369.18368350001
ENT_UK,2023-03,471564.5973762,148638.6918684,322925.90550780005,157978.2738778,164947.63163000005,89921.3418072,75026.28982280004,6788.4326268,68237.85719600004,17059.46429900001,51178.39289700003
ENT_UK,2023-04,518801.06546119996,227533.1264634,291267.9389978,157362.8465926,133905.0924052,46128.4248573,87776.6675479,6787.333725699999,80989.3338222,20247.33345555,60742.00036665
ENT_UK,2023-05,535403.2676132,236963.4030639,298439.8645493,173713.814205,124726.05034429999,46516.78206810001,78209.26827619999,0.0,78209.26827619999,19552.317069049997,58656.95120714999
ENT_UK,2023-06,557265.9004026,255551.58948749996,301714.3109151,190811.1941652,110903.11674989999,45938.9631411,64964.153608799985,6759.456339899999,58204.69726889999,14551.174317224997,43653.52295167499
ENT_UK,2023-07,554994.5886572,220724.63250959996,334269.9561476,167414.94828779998,166855.00785980004,47523.0260688,119331.98179100004,6758.473112599999,112573.50867840005,28143.37716960001,84430.13150880003
ENT_UK,2023-08,495344.09496449993,202822.7656653,292521.3292992,176690.1184441,115831.21085509998,47403.0533448,68428.15751029999,6741.4112270999985,61686.746283199995,15421.686570799999,46265.0597124
ENT_UK,2023-09,530968.1734813,236391.0071274,294577.1663539,172111.3770909,122465.78926299998,46711.2784176,75754.51084539999,6643.030660199999,69111.48018519998,17277.870046299995,51833.61013889998
ENT_UK,2023-10,482927.4310229,226039.49229270002,256887.93873019997,161273.8081653,95614.13056489997,46849.656583899996,48764.473980999974,6518.3921407,42246.08184029997,10561.520460074993,31684.56138022498
ENT_UK,2023-11,527395.265867,105637.62941600001,421757.636451,173604.893159,248152.743292,47235.002419000004,200917.740873,6572.006947,194345.73392600002,48586.433481500004,145759.3004445
ENT_UK,2023-12,601908.8505614001,230858.93376,371049.9168014,153843.0400522,217206.87674920002,47036.3019776,170170.57477160002,6544.3609088,163626.2138628,40906.5534657,122719.6603971
ENT_UK,2024-01,497537.5444523,208419.54130480002,289118.0031475,160525.41857039998,128592.5845771,48368.553336,80224.0312411,6464.083291599999,73759.94794950001,18439.986987375003,55319.96096212501
ENT_UK,2024-02,511545.8940785,191289.53082749998,320256.363251,159399.82422399998,160856.53902700002,48312.72549,112543.81353700002,6456.622331499999,106087.19120550003,26521.797801375007,79565.39340412502
ENT_UK,2024-03,504839.0271516,223181.51462859998,281657.512523,198924.20913069998,82733.30339230003,48966.647004,33766.656388300034,6544.0138873999995,27222.642500900034,6805.6606252250085,20416.981875675025
ENT_UK,2024-04,572310.1269573,200044.49705339997,372265.62990390003,159587.1447218,212678.48518210003,48656.3825562,164022.10262590004,6364.893008099999,157657.20961780005,39414.30240445001,118242.90721335003
ENT_UK,2024-05,536496.6034488,228859.49157399999,307637.11187480006,161860.8331348,145776.27874000007,47782.7261674,97993.55257260008,6250.607293699999,91742.94527890008,22935.73631972502,68807.20895917506
ENT_UK,2024-06,516600.35072289995,237847.3972644,278752.9534585,163094.91782539999,115658.0356331,47253.49200879999,68404.5436243,6181.376524399999,62223.167099900005,15555.791774975001,46667.375324925
ENT_UK,2024-07,529712.5725158,224391.650625,305320.9218908,172437.8365788,132883.085312,49055.656875,83827.42843700001,6289.762874999999,77537.66556200001,19384.416390500002,58153.24917150001
ENT_UK,2024-08,519604.50254630006,172773.1212621,346831.38128420006,150806.8929377,196024.48834650006,49222.10779350001,146802.38055300005,6311.1046911,140491.27586190007,35122.81896547502,105368.45689642505
ENT_UK,2024-09,509749.83883759996,195810.3119765,313939.5268611,167801.46869409998,146138.058167,49674.9986395,96463.05952750001,6369.1729387,90093.88658880001,22523.471647200004,67570.41494160001
ENT_UK,2024-10,486752.35684170004,223155.21230820002,263597.1445335,221003.90685300002,42593.237680499995,50898.121710600004,-8304.88403010001,6282.0705673,-14586.95459740001,0.0,-14586.95459740001
ENT_UK,2024-11,571430.2895502,204004.73216579997,367425.55738440005,196322.0556584,171103.50172600005,0.0,171103.50172600005,0.0,171103.50172600005,42775.87543150001,128327.62629450003
ENT_UK,2024-12,569493.3781916,248757.0591285,320736.3190631,162741.56348019998,157994.7555829,50483.87771939999,107510.8778635,0.0,107510.8778635,26877.719465875,80633.158397625
ENT_UK,2025-01,489112.3409949,204569.44259569998,284542.8983992,160224.0624902,124318.83590899999,0.0,124318.83590899999,6235.3383521,118083.4975569,29520.874389225,88562.62316767499
ENT_UK,2025-02,544556.7001403001,204468.74341740002,340087.95672290004,154786.9779005,185300.97882240004,0.0,185300.97882240004,6276.4025511,179024.57627130003,44756.14406782501,134268.43220347504
ENT_UK,2025-03,579535.2762764,234929.2763662,344605.99991019996,196467.1701349,148138.82977529996,104652.16973560001,43486.66003969996,6262.2325106,37224.42752909996,9306.10688227499,27918.32064682497
ENT_UK,2025-04,502339.053296,236122.5404472,266216.5128488,185686.4160504,80530.09679839999,53882.7607296,26647.33606879999,6283.1694683999995,20364.16660039999,5091.041650099997,15273.124950299993
ENT_UK,2025-05,616597.28614,235810.2419224,380787.0442176,179087.9685694,201699.07564820003,53984.9354112,147714.140237,0.0,147714.140237,36928.53505925,110785.60517775001
ENT_UK,2025-06,660371.1376767999,269750.27680999995,390620.86086679995,175235.578995,215385.28187179996,54488.864908799995,160896.41696299997,6353.846160199999,154542.57080279998,38635.642700699995,115906.92810209998
ENT_UK,2025-07,545132.3451612,249804.4852977,295327.8598635,189928.8773636,105398.98249989998,56311.674477700006,49087.30802219998,6415.326784899999,42671.98123729998,10667.995309324995,32003.985927974987
ENT_UK,2025-08,523204.9411368,89229.239784,433975.7013528,188678.7476055,245296.95374730002,55217.1299805,190079.82376680002,6290.6304285,183789.1933383,45947.298334575,137841.89500372502
ENT_UK,2025-09,503481.46371379995,245988.3549784,257493.10873539996,164261.921289,93231.18744639997,53728.1230184,39503.06442799997,6120.994800799999,33382.06962719997,8345.517406799992,25036.55222039998
ENT_UK,2025-10,455099.6709893,215179.35830720002,239920.3126821,137842.7490803,102077.56360179998,55531.6246528,46545.93894899998,6194.5633376,40351.375611399984,10087.843902849996,30263.53170854999
ENT_UK,2025-11,550176.6839771001,238316.66488420003,311860.01909290004,162353.8188225,149506.20027040003,56323.34849920001,93182.85177120002,6282.8802839,86899.97148730002,21724.992871825005,65174.97861547502
ENT_UK,2025-12,487756.6608332,212576.07520999998,275180.5856232,153546.8909159,121633.69470729999,55633.247359999994,66000.4473473,6205.899369999999,59794.5479773,14948.636994325,44845.910982974994
ENT_US,2023-01,585060.3681392,249936.32072880003,335124.0474104,170820.6618768,164303.3855336,55602.3891888,108700.99634479999,11150.1804168,97550.815928,24387.703982,73163.11194599999
ENT_US,2023-02,586640.2681837999,254828.0892887,331812.1788950999,176832.2606437,154979.9182513999,0.0,154979.9182513999,11030.8038641,143949.11438729992,35987.27859682498,107961.83579047494
ENT_US,2023-03,656214.3954274,264953.83269239997,391260.56273500004,185611.7477724,205648.81496260004,107841.28406319999,97807.53089940005,10812.9326026,86994.59829680005,21748.64957420001,65245.948722600035
ENT_US,2023-04,601099.5754819,269325.0139755,331774.5615064,181369.9350105,150404.6264959,56545.587705,93859.03879090001,10948.4835315,82910.55525940002,20727.638814850005,62182.916444550014
ENT_US,2023-05,674893.2244760001,302484.434504,372408.78997200006,211956.61129,160452.17868200006,56841.703180000004,103610.47550200004,11005.818074,92604.65742800005,23151.164357000012,69453.49307100003
ENT_US,2023-06,771344.7521693,324079.8377846,447264.9143847,236114.3476934,211150.56669130002,58873.367039,152277.1996523,11399.1933877,140878.0062646,35219.50156615,105658.50469845001
ENT_US,2023-07,725999.7140945999,304111.8030744,421887.91102019994,217430.7970998,204457.11392039995,61400.6881212,143056.42579919996,11471.0124462,131585.41335299995,32896.35333824999,98689.06001474996
ENT_US,2023-08,610223.5137339,289939.2199565,320284.29377740005,208175.8007319,112108.49304550004,61757.9768866,50350.51615890004,11537.761924100001,38812.75423480004,9703.18855870001,29109.565676100032
ENT_US,2023-09,677596.9232842,287680.1865546,389916.7367296,209049.8714734,180866.8652562,61602.9148546,119263.95040159998,11508.7928921,107755.15750949999,26938.789377374997,80816.36813212499
ENT_US,2023-10,686671.7885182999,286942.00010149996,399729.7884168,206251.405038,193478.38337879998,64962.103867,128516.27951179998,11649.7755145,116866.50399729998,29216.625999324995,87649.87799797498
ENT_US,2023-11,777821.47014,308575.521662,469245.948478,248305.434718,220940.51376,0.0,220940.51376,11759.012906,209181.500854,52295.3752135,156886.12564050002
ENT_US,2023-12,845846.6729228001,360826.44182500005,485020.2310978,260813.211225,224207.0198728,66802.97165,157404.04822280002,11979.901775,145424.1464478,36356.03661195,109068.10983585002
ENT_US,2024-01,661980.3056353,183607.3693269,478372.9363084,208074.1208138,270298.8154946,68678.50690770001,201620.30858689998,11886.1145339,189734.19405299998,47433.548513249996,142300.64553975
ENT_US,2024-02,759800.0820835,294089.15005199995,465710.93203150004,232904.861507,232806.07052450004,68230.056267,164576.01425750004,11808.501669,152767.51258850005,38191.87814712501,114575.63444137503
ENT_US,2024-03,752234.5667222,292471.47396709997,459763.09275510005,269475.3229333,190287.76982180006,67739.7595323,122548.01028950006,11723.6465461,110824.36374340006,27706.090935850014,83118.27280755003
ENT_US,2024-04,843888.533987,332872.1621759,511016.3718111,224336.14831360002,286680.22349749994,70656.37993930001,216023.84355819994,0.0,216023.84355819994,54005.960889549984,162017.88266864995
ENT_US,2024-05,851913.9587062,292440.7905768,559473.1681294,238055.6986616,321417.4694678,72244.5111096,249172.95835819998,12129.3336984,237043.62465979997,59260.90616494999,177782.71849484998
ENT_US,2024-06,783798.2875421001,352819.7490171,430978.53852500004,274376.4784269,156602.06009810005,71747.7258499,84854.33424820004,12045.9270271,72808.40722110005,18202.10180527501,54606.30541582503
ENT_US,2024-07,850909.1188239,295909.5330842,554999.5857397,197757.3184146,357242.2673251,74118.4744999,283123.7928252,0.0,283123.7928252,70780.9482063,212342.8446189
ENT_US,2024-08,605463.6224542,324345.5692992,281118.05315500003,238606.74898640002,42511.30416860001,74467.53640520001,-31956.2322366,12025.528000400001,-43981.760237,0.0,-43981.760237
ENT_US,2024-09,766989.4085783,326231.599644,440757.80893430003,239147.83594289998,201609.97299140005,74193.2200899,127416.75290150005,11981.2295223,115435.52337920005,28858.880844800013,86576.64253440005
ENT_US,2024-10,777204.4549978,317828.6062672,459375.84873060003,259406.3506438,199969.49808680004,78223.26213439999,121746.23595240005,12152.2675154,109593.96843700005,27398.49210925001,82195.47632775003
ENT_US,2024-11,776525.7378788,335310.407901,441215.3299778,224229.1353,216986.19467780003,75581.5818144,141404.61286340002,11741.8728954,129662.73996800002,32415.684992000006,97247.05497600001
ENT_US,2024-12,770183.2373652,268135.78459989995,502047.4527653,246882.77047569997,255164.68228960002,74643.7853008,180520.89698880003,11596.182805299999,168924.71418350004,42231.17854587501,126693.53563762503
ENT_US,2025-01,735150.9816051,193491.85586879996,541659.1257363,230892.6734912,310766.45224510005,75739.0409952,235027.41124990006,11460.1490592,223567.26219070007,55891.81554767502,167675.44664302506
ENT_US,2025-02,707813.3710449,285540.251075,422273.11996990006,228051.4225548,194221.69741510006,0.0,194221.69741510006,11061.2213477,183160.47606740007,45790.11901685002,137370.35705055005
ENT_US,2025-03,742812.4029272,184278.3557085,558534.0472186999,213206.38318,345327.66403869994,72046.3798395,273281.28419919993,10901.4088545,262379.87534469995,65594.96883617499,196784.90650852496
ENT_US,2025-04,787590.2515047,334180.25466000004,453409.9968447,256176.23779,197233.7590547,73202.9039,124030.8551547,10751.735522500001,113279.11963219999,28319.779908049997,84959.33972414999
ENT_US,2025-05,771460.1401393999,333503.7929976,437956.3471417999,218549.2675592,219407.07958259992,72981.836472,146425.24311059993,10719.2660658,135705.97704479992,33926.49426119998,101779.48278359993
ENT_US,2025-06,797515.2546436,318233.92761939997,479281.3270242,265465.3721715,213815.9548527,74200.58366799999,139615.3711847,10898.2705427,128717.10064199999,32179.275160499998,96537.8254815
ENT_US,2025-07,834739.9573809,339808.8342845,494931.12309640006,234570.41549369998,260360.70760270007,75370.42747149999,184990.2801312001,10858.1967151,174132.0834161001,43533.020854025024,130599.06256207507
ENT_US,2025-08,745274.0558348,301476.6801216,443797.3757132,242194.3255882,201603.050125,74204.978817,127398.07130800001,10690.2970338,116707.77427420001,29176.943568550003,87530.83070565
ENT_US,2025-09,738253.6570148,197230.308221,541023.3487938,240274.166467,300749.18232679996,74141.302255,226607.88007179997,10681.123507,215926.75656479996,53981.68914119999,161945.06742359998
ENT_US,2025-10,678786.673111,258627.3757623,420159.2973487,235501.9495255,184657.3478232,77915.8964853,106741.45133789998,10849.2645969,95892.18674099998,23973.046685249996,71919.14005574999
ENT_US,2025-11,638637.565902,198345.707933,440291.85796899995,226245.45655499998,214046.40141399996,76775.1099097,137271.29150429997,10690.417738099999,126580.87376619996,31645.21844154999,94935.65532464997
ENT_US,2025-12,685556.4069188,221790.7135071,463765.69341169996,236997.8435811,226767.84983059997,0.0,226767.84983059997,10544.3655351,216223.48429549998,54055.871073874994,162167.61322162498
