period,probability_of_breach,median_cash,p5_cash
2026-01,0.0,18315727.104626197,17302335.231846742
2026-02,0.0,18261000.93118586,17081626.872048657
2026-03,0.0,18278230.641350333,17196247.328098334
2026-04,0.0,18374574.895576075,17182198.714009915
2026-05,0.0,18325680.21628551,17134310.133091994
2026-06,0.0,18431897.336150512,17115003.159273025
2026-07,0.0,18529667.780039832,17304641.370645195
2026-08,0.0,18629771.268233478,17374523.086033497
2026-09,0.0,18667289.99620174,17366211.60913682
2026-10,0.0,18719657.453181893,17395165.291123603
2026-11,0.0,18611502.639378738,17237155.97113224
2026-12,0.0,18690956.87550921,17261745.717860527
