entity_id,period,mean,median,p5,p10,p25,p50,p75,p90,p95
CONSOLIDATED,2026-01,18323166.57803705,18315727.104626197,17302335.231846742,17534588.973233845,17907389.04071185,18315727.104626197,18744213.385616735,19122244.311826818,19344894.798719093
CONSOLIDATED,2026-02,18258993.24011635,18261000.93118586,17081626.872048657,17352355.287798114,17769318.42378596,18261000.93118586,18736999.28727039,19183399.738752715,19444996.70582212
CONSOLIDATED,2026-03,18279024.321795773,18278230.641350333,17196247.328098334,17432491.9548266,17833545.09341862,18278230.641350333,18715463.793172836,19122097.319946967,19378333.774601202
CONSOLIDATED,2026-04,18380386.69517813,18374574.895576075,17182198.714009915,17448816.28874193,17894968.6951172,18374574.895576075,18861004.55922167,19310316.953869347,19570704.123980667
CONSOLIDATED,2026-05,18329145.13561873,18325680.21628551,17134310.133091994,17400847.574794605,17837213.742131006,18325680.21628551,18822493.908764444,19259622.90983913,19509879.4032297
CONSOLIDATED,2026-06,18430966.661176167,18431897.336150512,17115003.159273025,17415465.53898261,17913129.896953057,18431897.336150512,18957066.951877106,19428447.095648523,19720596.048308637
CONSOLIDATED,2026-07,18541953.706415877,18529667.780039832,17304641.370645195,17593882.440014593,18029872.662921194,18529667.780039832,19050436.574182644,19519465.40419834,19797621.1113279
CONSOLIDATED,2026-08,18624539.953777593,18629771.268233478,17374523.086033497,17656506.56893232,18119132.316832714,18629771.268233478,19129184.321397193,19590483.41971853,19872659.99371811
CONSOLIDATED,2026-09,18671338.43916152,18667289.99620174,17366211.60913682,17657293.0905707,18137025.75895989,18667289.99620174,19202450.335327264,19694957.261960413,19983797.91456595
CONSOLIDATED,2026-10,18709453.38386945,18719657.453181893,17395165.291123603,17688244.666890986,18176845.417139478,18719657.453181893,19238121.57337699,19709903.77437596,20000950.376040164
CONSOLIDATED,2026-11,18616103.130676422,18611502.639378738,17237155.97113224,17522591.925151564,18042645.69507562,18611502.639378738,19190574.7455493,19701981.547855973,20030837.45341545
CONSOLIDATED,2026-12,18682903.186603054,18690956.87550921,17261745.717860527,17584916.167558234,18115167.298253283,18690956.87550921,19245758.39819124,19769172.1773253,20092789.34973572
ENT_EU,2026-01,6450898.744498387,6452128.009846916,5970187.246173452,6084011.529078983,6259594.431394156,6452128.009846916,6642873.871656375,6821721.098363803,6922983.286858614
ENT_EU,2026-02,6476497.054130489,6479135.894353785,5922486.124444817,6053179.924746775,6256666.773199898,6479135.894353785,6694007.901040482,6898324.166924454,7024395.948285894
ENT_EU,2026-03,6508578.692733726,6509817.03976303,5986377.352998493,6107935.597787847,6297723.075436823,6509817.03976303,6719699.136036023,6910786.142109847,7019210.544813222
ENT_EU,2026-04,6529621.209819731,6532988.596848281,5967155.166894888,6100704.868765922,6309574.762694421,6532988.596848281,6755288.218562897,6955204.069332985,7077808.3433739105
ENT_EU,2026-05,6552635.697980099,6557763.046582712,5978863.599840147,6108228.38001081,6327239.039114564,6557763.046582712,6784079.439755339,6989164.422839641,7109069.746948066
ENT_EU,2026-06,6574069.958482498,6582398.420619635,5965113.945343544,6101559.002355506,6329969.155762292,6582398.420619635,6822311.830181294,7036043.97155197,7160996.018495817
ENT_EU,2026-07,6611552.177045731,6619989.113483365,6002009.630955509,6136944.707695031,6369936.928412256,6619989.113483365,6859261.946627593,7077863.018238277,7218641.063493303
ENT_EU,2026-08,6634745.4704221515,6639184.393953047,6008592.394946076,6151591.282297686,6384111.932422496,6639184.393953047,6889271.176647161,7115297.235838485,7261433.95276219
ENT_EU,2026-09,6663276.039254896,6665737.286748452,5984766.938216155,6127449.058323987,6393190.89236713,6665737.286748452,6937886.846749373,7185237.868836116,7338607.615103913
ENT_EU,2026-10,6683429.97740317,6696238.245682454,5986853.012284691,6147014.459172574,6403977.230603788,6696238.245682454,6962820.101020628,7202598.755461102,7348948.770159021
ENT_EU,2026-11,6699477.344885391,6708301.232150544,5966384.531900609,6133189.267625659,6405459.117743479,6708301.232150544,6994943.220276398,7256555.360127924,7422174.760805196
ENT_EU,2026-12,6736444.005745934,6743218.305041811,6000526.187873617,6166076.476474255,6441324.366640134,6743218.305041811,7038011.089906327,7299189.291656479,7458290.989971455
ENT_UK,2026-01,4878856.607321729,4875486.0301147625,4469095.687882274,4553314.495054261,4707255.510130291,4875486.0301147625,5047148.599358545,5203924.393043691,5297902.226865828
ENT_UK,2026-02,4841774.697224029,4837506.102144476,4322976.385867411,4434875.417372369,4630971.269072195,4837506.102144476,5052660.8492614925,5254585.698065235,5365656.533301214
ENT_UK,2026-03,4864785.15086812,4867981.234289816,4364086.323125238,4468385.389685661,4657421.260557908,4867981.234289816,5063836.683938492,5253393.763033915,5377562.021562905
ENT_UK,2026-04,4947926.216601438,4940518.505352267,4453640.478573614,4562446.982156911,4742737.974119976,4940518.505352267,5149521.975151125,5336162.300644607,5452113.622375579
ENT_UK,2026-05,4903849.33293709,4900840.472918313,4352097.461135787,4465985.487786185,4668250.046395484,4900840.472918313,5135293.581216728,5341564.237550251,5476512.41337397
ENT_UK,2026-06,4928073.760440546,4927257.560324004,4297295.917287129,4438997.462133942,4672619.959552875,4927257.560324004,5186013.499980062,5404811.101910407,5549561.54490352
ENT_UK,2026-07,5066220.935961594,5059601.747174992,4495072.591950722,4625078.336488946,4834479.675839817,5059601.747174992,5294467.259166045,5512644.6052310355,5650423.48695839
ENT_UK,2026-08,5104090.9781306945,5105356.463634111,4519239.896348947,4649980.950435082,4863381.418213999,5105356.463634111,5340320.324978151,5562366.683835157,5694316.162222684
ENT_UK,2026-09,5129093.072170176,5124486.138837534,4531164.592951022,4666736.788071903,4885795.76226757,5124486.138837534,5368581.122740544,5600812.056298976,5752862.712601621
ENT_UK,2026-10,5174681.0358442385,5174451.9336212,4567119.181115302,4709806.659728807,4930457.71707523,5174451.9336212,5418540.1767068785,5632660.611452345,5775203.757373183
ENT_UK,2026-11,5115183.4640486725,5113264.631535137,4438180.85890341,4591401.013485101,4840305.62448785,5113264.631535137,5393365.095915649,5636113.134812354,5790243.691506534
ENT_UK,2026-12,5179819.038416354,5180814.440434115,4511404.504822406,4665416.985626195,4907840.9311543275,5180814.440434115,5448935.36063097,5696508.006549208,5837489.811210783
ENT_US,2026-01,6993411.226216935,6998019.568782261,6192551.382500124,6365140.03865198,6668946.009511441,6998019.568782261,7314862.92672368,7612504.197558036,7781255.851710258
ENT_US,2026-02,6940721.488761835,6936731.603159202,6047445.97470001,6237922.0290368525,6568521.882705183,6936731.603159202,7308595.073417751,7646705.729579142,7847850.297773738
ENT_US,2026-03,6905660.478193927,6899807.679746477,6103173.634603491,6278263.537393968,6575670.782731667,6899807.679746477,7232520.679775943,7537263.5454343585,7723106.474384824
ENT_US,2026-04,6902839.268756958,6907118.051962522,5965091.340038213,6170137.629764011,6515727.760489126,6907118.051962522,7283896.519481335,7629985.794142612,7831754.256073206
ENT_US,2026-05,6872660.104701544,6867595.129772018,5981808.506436284,6173413.706194679,6498059.030411887,6867595.129772018,7248122.954679433,7570893.4838395575,7783539.629690318
ENT_US,2026-06,6928822.942253123,6934244.955943156,5961883.239687942,6174919.000861835,6541250.059175916,6934244.955943156,7317923.900009243,7681193.741631014,7904760.918420721
ENT_US,2026-07,6864180.593408548,6865424.485443989,5954585.825613595,6155554.518803045,6494205.824125307,6865424.485443989,7230222.647085623,7584646.626705536,7791752.362692864
ENT_US,2026-08,6885703.505224749,6885360.337171546,5976647.4135023765,6170541.327183006,6512711.768949676,6885360.337171546,7262937.7992880475,7601785.1665977,7801708.257878338
ENT_US,2026-09,6878969.327736448,6879793.648673187,5933637.99502131,6151237.487959396,6500502.225372251,6879793.648673187,7266339.016756511,7607116.04636544,7814250.319257621
ENT_US,2026-10,6851342.370622041,6850471.972298986,5898616.960835036,6120097.029988107,6473446.727859467,6850471.972298986,7236951.604135005,7583019.024220637,7794743.266072921
ENT_US,2026-11,6801442.321742357,6802865.324234912,5834686.669081748,6048381.605631788,6396600.730916479,6802865.324234912,7201579.541620127,7551556.062292908,7790820.39168374
ENT_US,2026-12,6766640.142440767,6772776.856518673,5766332.419952876,5979844.743337159,6357996.457486464,6772776.856518673,7179433.563358029,7532181.409066804,7753280.902390231
