step,borrow_balance,defer_balance,accel,capex_cut,cash_optimized,cash_baseline,net_adjustment
1,0.0,0.0,177186.86704836428,0.0,17540949.088088308,17363762.221039943,177186.86704836413
2,0.0,515679.7600652202,185709.76443356276,0.0,17739156.474549577,16860580.08300243,878576.3915471472
3,0.0,476507.0227417017,186427.04590088088,0.0,17657161.124207653,16631330.424083145,1025830.7001245078
4,0.0,745963.8231524281,186937.6803829435,0.0,17851655.498195004,16369430.317276824,1482225.1809181795
5,0.0,972508.445326467,197048.77665708266,0.0,17860203.944922827,15954385.365173526,1905818.579749301
6,0.0,1263834.3508413052,201566.98821204726,0.0,18072842.92043321,15674131.446957022,2398711.4734761864
7,0.0,1185281.3671379054,189058.92925371465,0.0,18021856.648994133,15512639.229967633,2509217.4190264996
8,0.0,1271238.5834297251,182176.77187713908,0.0,18089252.251278415,15311900.844082955,2777351.40719546
9,119965.8360928485,1387892.716996635,178362.44825214345,0.0,18223943.42581651,15031609.600709148,3192333.825107362
10,390006.2244444789,1387892.716996635,0.0,0.0,18256240.537497878,14793866.324038887,3462374.2134589907
11,1026299.0211581999,1387892.716996635,0.0,0.0,18425442.40065994,14326775.390487231,4098667.01017271
12,1273654.364250007,1387892.716996635,0.0,0.0,18434684.856212076,14088662.502947558,4346022.353264518
