entity_id,period,revenue,cogs,operating_expense,accounts_receivable,inventory,accounts_payable,dso,dpo,dio,ccc,dso_3m_avg,dpo_3m_avg,dio_3m_avg,ccc_3m_avg
ENT_EU,2023-01,510103.757602,196030.5,166228.26998399998,1740233.2725444,726815.4013744,1289915.4013584,105.75736925068455,110.38346274922905,114.93761145641317,110.31151795786867,105.75736925068455,110.38346274922905,114.93761145641317,110.31151795786867
ENT_EU,2023-02,577106.9992983,239942.06,185660.2544721,2012184.9183759,724856.3513744,1417127.5948414,97.62691802911768,93.23157160171026,84.58699503739861,88.98234146480603,101.6921436399011,101.80751717546966,99.76230324690589,99.64692971133735
ENT_EU,2023-03,638321.196254,219520.22,194496.45018759998,2086131.9238951001,761378.5513744,1425523.7727654001,101.31277172098584,106.73782032907852,107.51964029831238,102.09459169021969,101.56568633359602,103.45095156000593,102.3480822640414,100.46281703763145
ENT_EU,2023-04,626711.2110934,279716.13,179692.7583647,2182289.029538,746322.5471794,1441553.2629357,104.46385787788799,94.13530948870073,80.04428066190533,90.3728290510926,101.13451587599717,98.03490047316318,90.71697199920544,93.81658740203943
ENT_EU,2023-05,667782.0616042,256328.7,186107.3455842,2203947.2751438003,712027.0671794,1456220.2633086,102.31237024446015,102.03243748587268,86.1114618946743,86.39139465326177,102.69633328111132,100.96852243455065,91.22512761829734,92.95293846485801
ENT_EU,2023-06,666228.1458741,278558.61,207735.2935729,1993106.1319892001,685988.3771794001,1365370.8874241,89.74881101912403,84.23121557102257,73.87907096241614,79.39666641051758,98.84167971382406,93.46632084853199,80.01160450633193,85.38696337162399
ENT_EU,2023-07,690883.3669436,290909.06,246684.2706842,2029600.8127668002,672372.9587206,1415323.5290291,91.06837449874091,81.61379037954572,71.64975102644999,81.10433514564517,94.37651858744171,89.29248114548032,77.21342796118013,82.29746540314152
ENT_EU,2023-08,643804.2881031,227276.72,191562.8131541,1974597.0700173,646574.8487206,1169510.4615251,95.07937474429126,86.56017743659163,88.19126002143378,96.71045732913342,91.9655200873854,84.13506112905331,77.9066940034333,85.73715296176539
ENT_EU,2023-09,641496.2234844,263500.48,171431.838248,1959587.7828783002,651452.3366024,1372824.4001024,91.64143347100875,94.69227802839042,74.16901137361118,71.11816681622953,92.59639423801364,87.62208194817593,78.00334080716497,82.9776530970027
ENT_EU,2023-10,602773.4467004,285255.24,184246.6505175,1972536.4673482,636960.3561514,1332245.969995,101.44546151215461,87.96476841514574,69.22141391931451,82.70210701632338,96.05542324248488,89.73907462670927,77.19389510478648,83.51024372056212
ENT_EU,2023-11,687735.363216,287351.06,204411.316594,2048693.6815302002,571302.7016494,1364681.664942,89.36694800526455,83.25250547188672,59.64509422544674,65.75953675882458,94.15128099614263,88.63651730514096,67.67850650612415,73.19327019712583
ENT_EU,2023-12,651251.6697216,300972.69,207879.3257612,2083296.2883174,522818.34164940007,1393033.2011934,99.16624853406869,84.86559529963876,53.8499642314105,68.15061746584044,96.65955268382929,85.36095639555708,60.90549079205726,72.20408708032947
ENT_EU,2024-01,541991.9316148,252436.38,199001.7805,1892005.6267146,511856.07164940005,1426230.9404542,108.21595490066701,97.93846205892511,62.85757314825779,73.13506598999969,98.91638381333341,88.68552094348354,58.78421053503835,69.01507340488824
ENT_EU,2024-02,665816.4897145,279646.4,212826.62786449998,1869694.6979556002,525624.9247989,1460335.4425657,81.4355713298153,85.99400462203077,54.508560879625485,49.95012758741002,96.27259158818367,89.59935399353155,57.07203275309792,63.74527034775005
ENT_EU,2024-03,637096.796828,274312.71,164580.1504962,1796157.4094634,538525.5019507001,1579953.9998733,87.39783337569946,111.595741021393,60.8586111830972,36.66070353740366,92.34978653539393,98.50940256744963,59.40824840366016,53.24863237160446
ENT_EU,2024-04,643748.2022113,288683.8,192957.4635941,1884189.3819682002,550775.3367268001,1499437.0320254,87.80712903721998,93.39546745868357,57.23653388864911,51.648195467185516,85.54684458091158,96.99507103403579,57.53456865045727,46.08634219733307
ENT_EU,2024-05,637917.9685366,254797.56,213468.9584115,1794453.4551606001,561964.0492401001,1468040.6676544999,87.2025242329994,97.18666380776168,68.37147705199023,58.38733747722793,87.46916221530627,100.7259574292794,62.155540707912174,48.89874549393903
ENT_EU,2024-06,704265.1657408,300566.88,216949.3486931,1897931.1335962,555803.8392401001,1726100.9408508,80.84729556089052,100.06068477561236,55.4755573109153,36.26216809619346,85.28564961036996,96.88093868068586,60.361189417184875,48.76590034686897
ENT_EU,2024-07,691292.17525,293318.07,233358.4662397,1873159.1357212001,513124.7091857001,1657930.546963,83.99911829807336,97.5852224646321,54.230774069789504,40.64466990323078,84.0163126973211,98.2775236826687,59.359269477565,45.0980584922174
ENT_EU,2024-08,600152.1037378,253947.9,229045.9789185,1766741.0573424,494385.7091857001,1561237.9059174,91.25848670113531,100.20494502292875,60.35079236629523,51.404334044501795,85.36830018669973,99.28361742105774,56.68570791566668,42.770390681308676
ENT_EU,2024-09,667395.8011499,294034.61,207129.837922,1900076.0400140001,480235.19311280013,1775573.7042303,85.4100087267661,106.28689115473607,48.99782305689798,28.12094062892801,86.88920457532492,101.35901954743231,54.52646316432757,40.056648192220194
ENT_EU,2024-10,705260.2012458,318020.79,201544.4232926,1963774.8751597002,482470.57311280014,1725853.2583017,86.31852615873558,102.97350484321716,47.03022015163476,30.375241467153174,87.66234052887899,103.15511367362733,52.126278524942656,36.63350538019433
ENT_EU,2024-11,707717.7581396,311465.65,236668.627046,2003578.3851307002,488257.24683840014,1750470.8072763,84.93124676131781,95.80521857034304,47.0283557918891,36.15438398286386,85.55326054893983,101.6885381894321,47.68546633347395,31.55018869298168
ENT_EU,2024-12,767285.3342549,327169.92,225721.6366003,2012998.3344309002,516250.5962640001,1976786.3909646,81.32952055959278,110.8361619712775,48.91576977548549,19.40912836380076,84.19309782654874,103.2049617949459,47.65811523966979,28.6462512712726
ENT_EU,2025-01,590341.9350678,268008.76,215006.02887069999,1807268.9081089,398147.7762640001,1747625.2077602,94.90319562838012,112.16298690818941,46.05290164464775,28.793110364838455,87.05465431643023,106.26812248327,47.33234240400744,28.11887423716769
ENT_EU,2025-02,617573.5252512,301615.23,213644.3640233,1917867.2893203,275863.10744300013,1567135.7181965,86.95366932888783,85.16056880547431,25.60934011324297,27.40244063665648,87.7287951722869,102.7199058949804,40.1926705111254,25.201559788431897
ENT_EU,2025-03,728593.3422285999,294859.05,193127.0122531,1888081.5984609001,286233.9474430001,1708893.9048104,80.33360471460861,108.55988551092243,30.093200024666036,1.8669192283522165,87.39682322395886,101.96114707486204,33.91848059418558,19.354156743282385
ENT_EU,2025-04,766599.2304044,318068.82,218235.9578126,1943456.7059057,283937.6171858001,1904323.0549648,76.05499570670631,106.52467405186295,26.780771895761436,-3.688906449395205,81.11408991673424,100.08170945608656,27.494437344556815,8.526817805204496
ENT_EU,2025-05,810571.7124446,250204.59,227153.2443308,2062510.8056681,354491.8282864001,1757550.7618186,78.87992387851934,114.13675381018291,43.921043482369384,8.66421355070581,78.4228414332781,109.74043779098942,33.59833846759896,2.280742109887607
ENT_EU,2025-06,701752.3262056,280867.55,213117.17387179998,2120728.7190599,269499.9482864001,1581436.3550618999,90.66141884531068,96.04161497141666,28.785804727502356,23.405608601396366,81.8654461435121,105.5676809444875,33.16254003521106,9.460305234235657
ENT_EU,2025-07,756833.2526846,381112.67,232543.0043877,1973638.8533514002,301595.17828640016,1631113.4768800999,80.8405342086502,82.39884334767362,24.531985585465854,22.973676446442425,83.46062564416007,97.5257373764244,32.41294459844587,18.347832866181534
ENT_EU,2025-08,634405.7783375,288664.99,201988.7944304,1836114.1372849,296470.64828640013,1655077.8086682,89.7210274550038,104.56948197857471,31.838256855735793,16.989802332164885,87.07432683632157,94.33664676588835,28.38534905623467,21.12302912666789
ENT_EU,2025-09,738331.939624,307628.19,232025.1775802,1798598.8398353,320116.98828640016,1554395.6024126,73.08090345182333,86.41077935170645,31.217911624393086,17.88803572450996,81.21415503849245,91.12636822598493,29.196051355198247,19.283838167705756
ENT_EU,2025-10,688809.228688,277481.18,217535.5608133,1857351.0648753,257182.99190400017,1565662.9815688,83.59046396751245,98.04830509144017,28.732300868203044,14.274459744275319,82.13079829144652,96.34285547390711,30.59615644944397,16.384099266983387
ENT_EU,2025-11,691273.2934114,275659.52999999997,211989.857022,1858185.8013877,298832.1410620002,1717772.4420728,80.64187431070758,105.67669033050402,32.52187302162202,7.487057001825576,79.10441391001446,96.7119249245502,30.824028504739385,13.21651749020362
ENT_EU,2025-12,659870.30728,234740.85,202182.5242291,1926106.4241877,344204.0527541002,1719641.3802264999,90.48641602914633,122.00968392015821,45.455768075207644,13.93250018419576,84.90625143578877,108.57822644736746,35.5699806550109,11.898005643432219
ENT_UK,2023-01,415527.93510540004,108785.2115346,135867.57153780002,1171301.4243492,491759.79528120003,866029.303485,87.38364159708048,109.73473537020915,140.13443039423194,117.78333662110326,87.38364159708048,109.73473537020915,140.13443039423194,117.78333662110326
ENT_UK,2023-02,515339.97209880006,187795.51373180002,157649.45655670002,1446202.1312059,504593.30565790005,1036037.6193683001,78.5765938334817,83.97590307389726,75.23402597678114,69.83471673636558,82.9801177152811,96.8553192220532,107.68422818550654,93.80902667873443
ENT_UK,2023-03,471564.5973762,148638.6918684,157978.2738778,1412136.5997545,491596.79799550003,798128.4388491,92.83189373409671,80.69345264084996,102.5271451618605,114.66558625510726,86.2640430548863,91.46803036165211,105.96520051095786,100.76121320419203
ENT_UK,2023-04,518801.06546119996,227533.1264634,157362.8465926,1410217.0671216,481349.07635880006,821667.6360681001,81.54669454280837,64.04335406870204,63.46536223193345,80.96870270603976,84.3183940367956,76.23756992781642,80.40884445685836,88.48966856583752
ENT_UK,2023-05,535403.2676132,236963.4030639,173713.814205,1467220.9591379,477683.02602210006,804487.1369202001,84.95250680116231,60.72677079672713,62.49139578187059,86.71713178630577,86.44369835935579,68.48785916875971,76.16130105855484,94.11714024915092
ENT_UK,2023-06,557265.9004026,255551.58948749996,190811.1941652,1451873.6443367,481368.6114426,866165.0242033,78.16055010477685,58.2148684383083,56.509366160621624,76.45504782709016,81.55325048291584,60.99499776791249,60.82204139147522,81.38029410647856
ENT_UK,2023-07,554994.5886572,220724.63250959996,167414.94828779998,1379552.5867213,458175.46994300006,836469.7996221001,77.0568417465695,66.80731641697801,64.34913678071365,74.59866211030513,80.05663288416956,61.91631855067114,61.11663290773529,79.25694724123368
ENT_UK,2023-08,495344.09496449993,202822.7656653,176690.1184441,1269140.7607211,462474.29407790006,800407.9211107001,79.42633006490921,65.38024555519203,70.68586738469716,84.73195189441432,78.21457397208519,63.46747680349279,63.84812344201081,78.59522061060319
ENT_UK,2023-09,530968.1734813,236391.0071274,172111.3770909,1353069.3704723,364757.74669440003,872094.6879673001,76.44917933221208,64.04574771107778,46.29081509405538,58.69424671518968,77.64411704789693,65.41110322774927,60.441939753155395,72.67495357330306
ENT_UK,2023-10,482927.4310229,226039.49229270002,161273.8081653,1354578.0390834,353443.92079580005,929551.5239105001,86.95285567573025,74.39996820958721,48.47277541431486,61.02566288045789,80.94278835761718,67.941987158619,55.149819297689135,68.1506204966873
ENT_UK,2023-11,527395.265867,105637.62941600001,173604.893159,1375739.8681694,492606.57043280004,1025322.0506645001,78.25666765747975,110.153930842225,139.8951982800333,107.99793509528804,80.55290088847403,82.86654892096333,78.21959626280118,75.90594823031186
ENT_UK,2023-12,601908.8505614001,230858.93376,153843.0400522,1404908.6033734,499258.00707920006,1023951.8292829001,72.35674747755297,82.51194136910159,67.04093260495183,56.8857387134032,79.188756936921,89.02194680697126,85.13630209976667,75.30311222971638
ENT_UK,2024-01,497537.5444523,208419.54130480002,160525.41857039998,1321642.2308421,504360.1342668001,882825.1857273001,82.34737179725151,74.1779499218629,75.01774576600471,83.1871676413933,77.65359564409475,88.94794071106317,93.98462555032995,82.6902804833615
ENT_UK,2024-02,511545.8940785,191289.53082749998,159399.82422399998,1300915.1664566,504193.2271453001,924728.8666643001,73.75005891739602,76.46977801572139,76.43702989892893,73.71731080060356,76.1513927307335,77.7198897688953,72.8319027566285,71.26340571846669
ENT_UK,2024-03,504839.0271516,223181.51462859998,198924.20913069998,1301475.2286395,455799.52941560006,785873.9330986001,79.91801330309775,57.71561614726825,63.31073357664594,85.51313073247543,78.67181467258176,69.45444802828418,71.58850308052654,80.80586972482409
ENT_UK,2024-04,572310.1269573,200044.49705339997,159587.1447218,1347876.6850673,502622.2315142001,958259.5389114001,70.65452566251015,79.93675424508889,75.37656455204012,66.09433596946137,74.77419929433464,71.37404946935949,71.70810934253832,75.10825916751345
ENT_UK,2024-05,536496.6034488,228859.49157399999,161860.8331348,1398013.2524535,506129.7839584001,1008304.1142244001,80.78040111990094,79.9994921284227,68.557450664602,69.33835965608026,77.11764669516963,72.55062084025995,69.08158293109602,73.64860878600568
ENT_UK,2024-06,516600.35072289995,237847.3972644,163094.91782539999,1353994.9244894001,492240.57443960005,1045916.6854547001,78.62915245380881,78.25938890140172,62.08694063098036,62.45670418338746,76.6880264120733,79.39854509163777,68.6736519492075,65.96313326964302
ENT_UK,2024-07,529712.5725158,224391.650625,172437.8365788,1375710.8585825,425556.2489396001,901075.9980845002,80.50976855903386,70.39133139386325,58.79115234627996,68.90958951145058,79.9731073775812,76.21673747456255,63.14518121395411,66.90155111697277
ENT_UK,2024-08,519604.50254630006,172773.1212621,150806.8929377,1480611.0695824,394838.9667302001,975644.4396939002,88.33438303965526,93.46985692335012,70.84439917056245,65.7089252868676,82.49110135083265,80.7068590728717,63.907497382607595,65.69173966056854
ENT_UK,2024-09,509749.83883759996,195810.3119765,167801.46869409998,1422253.7555829,432652.69412580004,984421.2464351001,83.70304297649886,81.22024357568039,66.28650295665601,68.7693023574745,84.18239819172932,81.69381063096458,65.30735149116613,67.79593905193089
ENT_UK,2024-10,486752.35684170004,223155.21230820002,221003.90685300002,1282976.1787383,453622.1943905001,907575.7663982001,81.70943803734248,63.344075455384576,63.015727397324035,81.38108997928194,84.5822880178322,79.34472531813836,66.7155431748475,71.95310587454135
ENT_UK,2024-11,571430.2895502,204004.73216579997,196322.0556584,1276670.9361573001,480766.6433389001,1096954.8883616002,67.02502262326146,82.20445808712543,70.69933695677733,55.51990149291336,77.47916787903426,75.58959237273012,66.66718910358578,68.55676460988992
ENT_UK,2024-12,569493.3781916,248757.0591285,162741.56348019998,1390331.2991751002,460881.8140906001,1110500.0870272,75.68177598709055,83.65885280393493,57.43489767431372,49.45782085746933,74.80541221589816,76.40246211548164,63.71665400947169,62.11960410988822
ENT_UK,2025-01,489112.3409949,204569.44259569998,160224.0624902,1185825.6862299,472606.2692395001,1014332.7092265,75.15777704228937,86.19757081096368,71.61770673335384,60.57791296467953,72.62152521754713,84.02029390067467,66.58398045481496,55.1852117716874
ENT_UK,2025-02,544556.7001403001,204468.74341740002,154786.9779005,1282688.7567184002,521080.5019786001,1088451.0273369001,65.95325184477934,84.83268868657736,71.35689206841964,52.47745522662164,72.26426829138641,84.89637076715864,66.80316549202907,54.17106301625683
ENT_UK,2025-03,579535.2762764,234929.2763662,196467.1701349,1334416.4570118,462358.15221560013,1102272.5764806,71.37945153771196,79.2089275376344,61.01028760818058,53.18081160825815,70.83016014159355,83.41306234505846,67.99496213665135,55.41205993318644
ENT_UK,2025-04,502339.053296,236122.5404472,185686.4160504,1236685.6453851,449295.9136810001,1062349.1094376,73.85563419392706,75.55665376989057,57.084246954576756,55.38322737861324,70.39611252547279,79.8660899980341,63.15047554372566,53.680498071164344
ENT_UK,2025-05,616597.28614,235810.2419224,179087.9685694,1291494.9826365001,471027.4380114001,1146238.7476680002,64.93110716131363,85.64365976799093,61.92203722499278,41.209484618315486,70.05539763098422,80.13641369183863,60.00552392925004,49.92450786839563
ENT_UK,2025-06,660371.1376767999,269750.27680999995,175235.578995,1276604.626043,467634.4192308001,1104914.4179967002,57.99487075710742,74.49098012325756,52.007481670928655,35.51137230477852,65.59387070411604,78.563764553713,57.00458861683273,44.03469476723575
ENT_UK,2025-07,545132.3451612,249804.4852977,189928.8773636,1183398.3544088001,462517.74442180013,950981.8173996,67.29622505856747,67.04161849573964,57.397088206757736,57.65169476958556,63.40740099232951,75.72541946232936,57.108869034226394,44.790850564226524
ENT_UK,2025-08,523204.9411368,89229.239784,188678.7476055,1162102.3604922001,618005.9043568001,1065023.3141496,68.85480304712732,118.80091338420094,214.70745555422877,164.76134521715517,64.71529962093406,86.77783733439936,108.0373418106384,85.97480409717309
ENT_UK,2025-09,503481.46371379995,245988.3549784,164261.921289,1120657.8152646,625236.8016744001,1200663.2383090002,66.7745227598863,87.79981204885853,76.25200002609492,55.2267107371227,67.64185028852702,91.21411464293304,116.11884792902715,92.54658357462114
ENT_UK,2025-10,455099.6709893,215179.35830720002,137842.7490803,1056895.5338647,611397.3165274002,1054905.0288858002,71.99249667349467,92.6345835320843,88.08148217121631,67.43939531262667,69.20727416016943,99.74510298838125,126.34697925051334,95.80915042230151
ENT_UK,2025-11,550176.6839771001,238316.66488420003,162353.8188225,1021383.9254780001,607770.9915294001,1017828.2285202,55.69395915297528,76.20937427963425,76.5079930719139,55.99257794525492,64.82032619545208,85.54792328685902,80.28049175640838,59.55289466500144
ENT_UK,2025-12,487756.6608332,212576.07520999998,153546.8909159,1009136.0569030001,609748.8738894002,1041468.757268,64.1369360503537,88.18220778918813,88.91976706173664,64.8744953229022,63.94113062560788,85.67538853363556,84.50308076828895,62.768822860261274
ENT_US,2023-01,585060.3681392,249936.32072880003,170820.6618768,1657547.7791928,552310.630392,1113394.4959704,87.8268020758352,82.03126935967106,68.50396729945574,74.29950001561988,87.8268020758352,82.03126935967106,68.50396729945574,74.29950001561988
ENT_US,2023-02,586640.2681837999,254828.0892887,176832.2606437,1884964.0357650998,561777.6664875,1220371.9105346,89.9682409542446,79.16041744468781,61.7270046860078,72.5348281955646,88.8975215150399,80.59584340217944,65.11548599273178,73.41716410559224
ENT_US,2023-03,656214.3954274,264953.83269239997,185611.7477724,2006430.9524667,552740.8851570999,1121637.400013,94.78511894874927,77.1713617461275,64.67152132033152,82.28527852295329,90.86005399294304,79.4543495168288,64.96749776859836,76.3732022447126
ENT_US,2023-04,601099.5754819,269325.0139755,181369.9350105,1924312.8085097,446888.2330141,1076016.5899185,96.03963571095437,71.62382842359685,49.778692266744216,74.19449955410172,93.59766520464943,75.98520253813739,58.72573942436119,76.33820209087321
ENT_US,2023-05,674893.2244760001,302484.434504,211956.61129,2003296.583751,408654.6089021,1149536.4053805,92.01780643819372,69.27057795669212,41.880809162091204,64.6280376435928,94.28085369929913,72.68858937547215,52.110340916388985,73.70260524021593
ENT_US,2023-06,771344.7521693,324079.8377846,236114.3476934,2073076.3945395,409890.52265119995,1039462.9542231001,80.62839821140652,55.66621260105468,37.94347640876389,62.905662019115724,89.56194678685154,65.52020632711454,43.200992612533106,67.24273307227008
ENT_US,2023-07,725999.7140945999,304111.8030744,217430.7970998,1942204.5382557,408542.92152439995,1043446.5111547001,82.93163140017623,62.02147597337506,41.64531083378565,62.555466260586826,85.19261201659215,62.31942217704062,40.48986546821359,63.363055307765116
ENT_US,2023-08,610223.5137339,289939.2199565,208175.8007319,1782808.8053533,411476.1961878,1142282.7105451,90.56857319013865,71.08953265043094,43.994607158478125,63.47364769818584,84.70953426724047,62.92574040828689,41.19446480034256,62.97825865929613
ENT_US,2023-09,677596.9232842,287680.1865546,209049.8714734,1881443.8507552,405187.81594739994,1302972.6202734,83.2992500159012,78.69300030560782,42.25398566374654,46.86023537403992,85.59981820207202,70.60133630980461,42.6313012186701,57.629783110937524
ENT_US,2023-10,686671.7885182999,286942.00010149996,206251.405038,1892632.4634445999,410087.98521739995,1207167.5878779,85.4434496186077,75.87732283976916,44.30417135603197,53.870298134870524,86.43709094154917,75.21995193193598,43.51758805941888,54.73472706903209
ENT_US,2023-11,777821.47014,308575.521662,248305.434718,1945232.3363066,419329.2659014,1398111.6371539,75.02617545218227,75.31833982485124,40.76758230622532,40.47541793355636,81.25629169556372,76.62955432340941,42.44191310866794,47.06865048082227
ENT_US,2023-12,845846.6729228001,360826.44182500005,260813.211225,2106391.045721,270307.7332013999,1192706.8266289001,77.19853314752085,59.478045591345186,23.223186435176647,40.943673991352306,79.2227194061036,70.2245694186552,36.098313365811315,45.09646335325973
ENT_US,2024-01,661980.3056353,183607.3693269,208074.1208138,2054062.4021412,349123.62213369994,1337520.0072078002,96.19007381989657,105.85927920297537,58.94552231656567,49.27631693348688,82.8049274731999,80.21855487305727,40.978763685989215,43.56513628613185
ENT_US,2024-02,759800.0820835,294089.15005199995,232904.861507,1993885.9375437,304041.04390269995,1286397.0157978002,76.10250847855626,70.78925498180854,29.98135181668303,35.29460531343075,83.16370514865788,78.70885992537637,37.38335352280845,41.83819874608998
ENT_US,2024-03,752234.5667222,292471.47396709997,269475.3229333,1894284.3799663,268072.0975609,1248378.2903008,78.064500591664,68.86724368354035,28.413830968427078,37.61108787655073,83.45236096337227,81.83859262277475,39.11356836722526,40.727336707822786
ENT_US,2024-04,843888.533987,332872.1621759,224336.14831360002,2093294.6483125999,258769.90282119997,1329284.8919513002,74.41603591019451,71.56847090723797,23.32155694213245,26.16912194508899,76.19434832680493,70.40832319086229,27.23891324241419,33.02493837835683
ENT_US,2024-05,851913.9587062,292440.7905768,238055.6986616,2128548.8548178,302780.9610812,1337623.5216849002,77.45502210054535,78.16513400826172,32.09610319751963,31.385991289803272,76.64518620080129,72.86694953301334,27.94383036935972,31.722067037147664
ENT_US,2024-06,783798.2875421001,352819.7490171,274376.4784269,1929162.4053334,297091.65401889995,1516763.9293903,73.83898775983658,72.54973147263036,25.261481664210997,26.550737951417233,75.2366819235255,74.09444546271001,26.89304726795436,28.03528372876983
ENT_US,2024-07,850909.1188239,295909.5330842,197757.3184146,1990109.9032256,346652.45072819997,1636976.4172906,72.50293319839409,102.79456435436187,36.315916762020635,6.024285606052857,74.59898101959202,84.50314327841797,31.22450054125042,21.320338282424455
ENT_US,2024-08,605463.6224542,324345.5692992,238606.74898640002,1787660.1880844,321016.21020379994,1685499.3661766,91.52897676327106,92.8151082326063,30.681789604277917,29.39565813494268,79.29029924050057,89.38646801986617,30.753062676836517,20.656893897470923
ENT_US,2024-09,766989.4085783,326231.599644,239147.83594289998,1903538.9778468,236801.11317499995,1403796.9698598,74.45496469274148,74.48786857993353,21.776043163820642,21.743139276628597,79.49562488480221,90.03251372230056,29.591249843373067,19.05436100587471
ENT_US,2024-10,777204.4549978,317828.6062672,259406.3506438,1851897.1059488,221788.39239139995,1670720.0515724001,73.8657761355412,89.72485290202187,21.632540396169322,5.773463629688649,79.94990586385124,85.67594323818724,24.69679105475596,18.970753680419975
ENT_US,2024-11,776525.7378788,335310.407901,224229.1353,1812411.9001096,241786.6437418,1616768.9695604001,70.02003198479228,86.68389870952971,21.632490794606106,4.968624069868682,72.78025760435833,83.63220673049504,21.680358118198694,10.828408992061975
ENT_US,2024-12,770183.2373652,268135.78459989995,246882.77047569997,1780800.5265486,227069.75782220002,1550296.2344973,71.67750951301214,93.31544037740866,26.252230760589153,4.614299896192634,71.8544392111152,89.90806399632008,23.172420650454857,5.1187958652499885
ENT_US,2025-01,735150.9816051,193491.85586879996,230892.6734912,1737617.0024048,349888.7370638,1668002.0767725,73.27219635474007,121.84248200076166,56.05688570340896,7.4866000573873634,71.6565792841815,100.61394036256668,34.64720241953474,5.68984134114956
ENT_US,2025-02,707813.3710449,285540.251075,228051.4225548,1685842.5282017,364944.6582078,1767391.2103579,66.68931772221812,96.35466544905809,35.786374745234866,6.121027018394898,70.54634119665678,103.8375292757428,39.365163736411,6.073975657324965
ENT_US,2025-03,742812.4029272,184278.3557085,213206.38318,1692465.2333439,486742.10893979995,1696799.6785084,70.6321300329754,132.3341121997533,81.88159330552244,20.179611138744548,70.19788136997788,116.84375321652435,57.90828458472209,11.262412738175604
ENT_US,2025-04,787590.2515047,334180.25466000004,256176.23779,1681707.5979803,497033.0831073,1850388.2373084002,64.05771001230825,94.03072182517505,44.61960958282729,14.646597769960493,67.12638592250059,107.57316649132879,54.09585921119486,13.649078642366646
ENT_US,2025-05,771460.1401393999,333503.7929976,218549.2675592,1754713.7188656998,507896.8101827,1706095.6616186001,70.51061027599887,95.80413422005643,47.21026101126534,21.916737067207777,68.40015010709418,107.38965608166158,57.90382129987169,18.914315325304273
ENT_US,2025-06,797515.2546436,318233.92761939997,265465.3721715,1659410.3145325999,516165.3353994,1750237.8157716002,62.421764531921234,89.95579486211096,48.65904832278485,21.12501799259512,65.66336160674278,93.26355030244747,46.82963963895916,19.229450943254463
ENT_US,2025-07,834739.9573809,339808.8342845,234570.41549369998,1735368.5043545999,536620.9432651999,2016446.2409745,64.44692524817614,108.83024324842525,48.95472854979861,4.571410549549498,65.79310001869875,98.19672411019754,48.27467929461627,15.871055203117464
ENT_US,2025-08,745274.0558348,301476.6801216,242194.3255882,1667519.3958945,541619.0113791999,1891620.0551911,69.3611978949499,107.85975543125618,55.6931612288649,17.19460369255863,65.4099625583491,102.21526451393079,51.10231270048279,14.297010744901081
ENT_US,2025-09,738253.6570148,197230.308221,240274.166467,1642745.1334022998,685434.3281761999,1733664.6551571002,66.75531307402791,118.87864619396896,104.25897536115374,52.13564224121268,66.85447873905132,111.85621495788347,69.63562171327241,24.633885494440268
ENT_US,2025-10,678786.673111,258627.3757623,235501.9495255,1450212.5917377,755881.3401766999,1923076.1414768002,66.23080877210604,120.64728267454782,90.60263429736047,36.18616039491869,67.44910658036127,115.79522809992432,83.5182569624597,35.17213544289667
ENT_US,2025-11,638637.565902,198345.707933,226245.45655499998,1483536.0166395,891797.3531382999,1762381.3155450001,69.68910517552382,124.52317402814037,134.88530139097494,80.05123253835839,67.55840900721925,121.34970096555237,109.9156370164964,56.12434505816325
ENT_US,2025-12,685556.4069188,221790.7135071,236997.8435811,1524962.3510196998,939181.3925499,1702362.2353972,68.9568829122036,115.02734425690524,131.2707042989646,85.20024295426298,68.29226561994447,120.06593365319782,118.91954666243335,67.14587862918002
